state,district,total_enrolment,active_days,adult,child,rush_index,digital_literacy_score,migration_score
Andaman & Nicobar Islands,Andamans,31,16,0,32,1.9375,31.0,0.0
Andaman & Nicobar Islands,South Andaman,16,11,0,20,1.4545454545454546,16.0,0.0
Andaman and Nicobar Islands,Nicobar,59,18,0,45,3.2777777777777777,59.0,0.0
Andaman and Nicobar Islands,North And Middle Andaman,81,27,0,52,3.0,81.0,0.0
Andaman and Nicobar Islands,South Andaman,121,41,0,75,2.951219512195122,121.0,0.0
Andhra Pradesh,Adilabad,1112,58,1,682,19.17241379310345,556.0,0.0014641288433382138
Andhra Pradesh,Alluri Sitharama Raju,839,57,11,523,14.719298245614034,69.91666666666667,0.02099236641221374
Andhra Pradesh,Anakapalli,266,49,0,208,5.428571428571429,266.0,0.0
Andhra Pradesh,Anantapur,3639,62,0,1855,58.693548387096776,3639.0,0.0
Andhra Pradesh,Ananthapur,1399,57,0,806,24.54385964912281,1399.0,0.0
Andhra Pradesh,Ananthapuramu,2307,58,5,1306,39.775862068965516,384.5,0.0038255547054322878
Andhra Pradesh,Annamayya,584,53,52,338,11.018867924528301,11.018867924528301,0.15339233038348082
Andhra Pradesh,Bapatla,178,40,5,179,4.45,29.666666666666668,0.027777777777777776
Andhra Pradesh,Chittoor,7198,61,16,3371,118.0,423.4117647058824,0.004744958481613286
Andhra Pradesh,Cuddapah,5091,61,0,2375,83.45901639344262,5091.0,0.0
Andhra Pradesh,Dr. B. R. Ambedkar Konaseema,282,45,10,275,6.266666666666667,25.636363636363637,0.036231884057971016
Andhra Pradesh,East Godavari,6462,61,4,3319,105.93442622950819,1292.4,0.0012048192771084338
Andhra Pradesh,Eluru,284,48,2,242,5.916666666666667,94.66666666666667,0.00823045267489712
Andhra Pradesh,Guntur,8276,62,10,3447,133.48387096774192,752.3636363636364,0.002900232018561485
Andhra Pradesh,Hyderabad,4436,60,1,1748,73.93333333333334,2218.0,0.0005717552887364208
Andhra Pradesh,K.V.Rangareddy,9,6,0,34,1.5,9.0,0.0
Andhra Pradesh,K.v. Rangareddy,4,2,0,11,2.0,4.0,0.0
Andhra Pradesh,Kakinada,576,54,11,376,10.666666666666666,48.0,0.029177718832891247
Andhra Pradesh,Karim Nagar,38,18,0,30,2.111111111111111,38.0,0.0
Andhra Pradesh,Karimnagar,420,55,0,308,7.636363636363637,420.0,0.0
Andhra Pradesh,Khammam,968,57,0,484,16.982456140350877,968.0,0.0
Andhra Pradesh,Krishna,5812,63,9,2789,92.25396825396825,581.2,0.0032258064516129032
Andhra Pradesh,Kurnool,10016,64,10,4734,156.5,910.5454545454545,0.0021119324181626186
Andhra Pradesh,Mahabub Nagar,1148,56,0,648,20.5,1148.0,0.0
Andhra Pradesh,Mahbubnagar,448,53,0,284,8.452830188679245,448.0,0.0
Andhra Pradesh,Medak,988,56,1,642,17.642857142857142,494.0,0.0015552099533437014
Andhra Pradesh,N. T. R,632,54,20,340,11.703703703703704,30.095238095238095,0.05865102639296188
Andhra Pradesh,Nalgonda,925,57,0,546,16.228070175438596,925.0,0.0
Andhra Pradesh,Nandyal,471,50,3,350,9.42,117.75,0.008547008547008548
Andhra Pradesh,Nellore,4359,61,2,2064,71.45901639344262,1453.0,0.0009685230024213075
Andhra Pradesh,Nizamabad,376,52,0,247,7.230769230769231,376.0,0.0
Andhra Pradesh,Palnadu,439,52,12,342,8.442307692307692,33.76923076923077,0.03498542274052478
Andhra Pradesh,Parvathipuram Manyam,308,52,6,235,5.923076923076923,44.0,0.025423728813559324
Andhra Pradesh,Prakasam,6344,59,53,3129,107.52542372881356,117.48148148148148,0.01693290734824281
Andhra Pradesh,Rangareddi,1510,58,0,721,26.03448275862069,1510.0,0.0
Andhra Pradesh,Sri Potti Sriramulu Nellore,602,53,130,330,11.358490566037736,4.595419847328245,0.39274924471299094
Andhra Pradesh,Sri Sathya Sai,432,53,10,365,8.150943396226415,39.27272727272727,0.0273224043715847
Andhra Pradesh,Srikakulam,3624,60,6,1924,60.4,517.7142857142857,0.003116883116883117
Andhra Pradesh,Tirupati,679,52,98,302,13.057692307692308,6.858585858585859,0.3234323432343234
Andhra Pradesh,Visakhapatnam,6648,62,9,3450,107.2258064516129,664.8,0.002607939727615184
Andhra Pradesh,Vizianagaram,3152,62,2,1740,50.83870967741935,1050.6666666666667,0.0011487650775416428
Andhra Pradesh,Warangal,771,60,0,486,12.85,771.0,0.0
Andhra Pradesh,West Godavari,4699,60,12,2563,78.31666666666666,361.46153846153845,0.0046801872074883
Andhra Pradesh,Y. S. R,405,50,9,298,8.1,40.5,0.030100334448160536
Arunachal Pradesh,Anjaw,34,12,0,16,2.8333333333333335,34.0,0.0
Arunachal Pradesh,Changlang,640,46,6,349,13.91304347826087,91.42857142857143,0.017142857142857144
Arunachal Pradesh,Dibang Valley,3,2,0,4,1.5,3.0,0.0
Arunachal Pradesh,East Kameng,148,35,0,59,4.228571428571429,148.0,0.0
Arunachal Pradesh,East Siang,169,43,0,38,3.9302325581395348,169.0,0.0
Arunachal Pradesh,Kamle,11,6,0,2,1.8333333333333333,11.0,0.0
Arunachal Pradesh,Kra Daadi,62,24,0,12,2.5833333333333335,62.0,0.0
Arunachal Pradesh,Kurung Kumey,68,19,0,12,3.5789473684210527,68.0,0.0
Arunachal Pradesh,Lohit,123,32,0,42,3.84375,123.0,0.0
Arunachal Pradesh,Longding,481,40,33,117,12.025,14.147058823529411,0.2796610169491525
Arunachal Pradesh,Lower Dibang Valley,92,25,0,34,3.68,92.0,0.0
Arunachal Pradesh,Lower Siang,8,4,0,6,2.0,8.0,0.0
Arunachal Pradesh,Lower Subansiri,72,25,0,22,2.88,72.0,0.0
Arunachal Pradesh,Namsai,113,35,0,49,3.2285714285714286,113.0,0.0
Arunachal Pradesh,Pakke Kessang,3,2,0,2,1.5,3.0,0.0
Arunachal Pradesh,Papum Pare,389,48,0,115,8.104166666666666,389.0,0.0
Arunachal Pradesh,Shi-yomi,29,10,0,6,2.9,29.0,0.0
Arunachal Pradesh,Siang,73,21,0,33,3.4761904761904763,73.0,0.0
Arunachal Pradesh,Tawang,113,31,0,70,3.6451612903225805,113.0,0.0
Arunachal Pradesh,Tirap,55,19,0,26,2.8947368421052633,55.0,0.0
Arunachal Pradesh,Upper Siang,29,17,0,15,1.7058823529411764,29.0,0.0
Arunachal Pradesh,Upper Subansiri,104,28,0,45,3.7142857142857144,104.0,0.0
Arunachal Pradesh,West Kameng,150,38,11,113,3.9473684210526314,12.5,0.09649122807017543
Arunachal Pradesh,West Siang,154,40,0,66,3.85,154.0,0.0
Assam,Baksa,1686,59,282,1294,28.576271186440678,5.957597173144876,0.21776061776061775
Assam,Barpeta,8231,63,364,7988,130.65079365079364,22.55068493150685,0.045562648641882586
Assam,Biswanath,777,59,35,414,13.169491525423728,21.583333333333332,0.08433734939759036
Assam,Bongaigaon,2475,61,155,1547,40.57377049180328,15.865384615384615,0.10012919896640828
Assam,Cachar,6586,63,1175,9173,104.53968253968254,5.600340136054422,0.12807935469805973
Assam,Charaideo,639,58,174,395,11.017241379310345,3.6514285714285712,0.4393939393939394
Assam,Chirang,1275,59,248,1517,21.610169491525422,5.120481927710843,0.16337285902503293
Assam,Darrang,4774,63,668,2681,75.77777777777777,7.136023916292975,0.24906785980611484
Assam,Dhemaji,2331,61,922,2972,38.21311475409836,2.5254604550379196,0.31012445341405986
Assam,Dhubri,8195,64,338,5816,128.046875,24.174041297935105,0.058105552690390236
Assam,Dibrugarh,2473,58,1203,3049,42.63793103448276,2.0539867109634553,0.3944262295081967
Assam,Dima Hasao,1,1,26,117,1.0,0.037037037037037035,0.22033898305084745
Assam,Goalpara,6975,61,657,5238,114.34426229508196,10.600303951367781,0.12540561175796908
Assam,Golaghat,2959,58,1606,4625,51.01724137931034,1.8413192283758557,0.34716817985300474
Assam,Hailakandi,3858,61,198,2579,63.24590163934426,19.386934673366834,0.07674418604651163
Assam,Hojai,5876,61,155,4240,96.32786885245902,37.666666666666664,0.03654798396604574
Assam,Jorhat,2026,59,678,1766,34.33898305084746,2.98379970544919,0.3837011884550085
Assam,Kamrup,7430,64,855,7031,116.09375,8.679906542056075,0.12158703071672355
Assam,Kamrup Metro,3658,61,689,1496,59.967213114754095,5.301449275362319,0.46025384101536404
Assam,Karbi Anglong,3676,64,837,2006,57.4375,4.386634844868735,0.4170403587443946
Assam,Karimganj,7739,62,575,6458,124.8225806451613,13.43576388888889,0.0890230685864685
Assam,Kokrajhar,2487,63,419,1738,39.476190476190474,5.921428571428572,0.24094307073030477
Assam,Lakhimpur,3805,62,522,3307,61.37096774193548,7.275334608030593,0.15779927448609432
Assam,Majuli,281,44,11,278,6.386363636363637,23.416666666666668,0.03942652329749104
Assam,Marigaon,4545,62,700,5044,73.30645161290323,6.483594864479315,0.13875123885034688
Assam,Nagaon,9604,65,309,5970,147.75384615384615,30.980645161290322,0.05175012560710099
Assam,Nalbari,2986,61,155,1474,48.950819672131146,19.141025641025642,0.10508474576271186
Assam,North Cachar Hills,408,50,114,337,8.16,3.5478260869565217,0.33727810650887574
Assam,Sibsagar,1531,61,518,907,25.098360655737704,2.94990366088632,0.5704845814977973
Assam,Sonitpur,6310,62,339,3112,101.7741935483871,18.558823529411764,0.10889816896884034
Assam,South Salmara Mankachar,1016,59,32,683,17.220338983050848,30.78787878787879,0.04678362573099415
Assam,Sribhumi,28,17,1,48,1.6470588235294117,14.0,0.02040816326530612
Assam,Tamulpur District,7,6,0,9,1.1666666666666667,7.0,0.0
Assam,Tinsukia,3303,61,1153,2657,54.14754098360656,2.862218370883882,0.43378480060195634
Assam,Udalguri,2384,59,540,1564,40.40677966101695,4.406654343807763,0.3450479233226837
Assam,West Karbi Anglong,235,36,402,345,6.527777777777778,0.5831265508684863,1.1618497109826589
Bihar,Araria,10783,64,87,6038,168.484375,122.5340909090909,0.014406358668653751
Bihar,Arwal,2545,61,30,460,41.721311475409834,82.09677419354838,0.0650759219088937
Bihar,Aurangabad,8386,62,29,1386,135.25806451612902,279.53333333333336,0.02090843547224225
Bihar,Aurangabad(bh),14,9,0,27,1.5555555555555556,14.0,0.0
Bihar,Banka,8096,61,69,3141,132.72131147540983,115.65714285714286,0.02196053469127944
Bihar,Begusarai,10298,62,41,3999,166.09677419354838,245.1904761904762,0.01025
Bihar,Bhagalpur,12022,65,362,6660,184.95384615384614,33.11845730027548,0.05434619426512536
Bihar,Bhojpur,10567,63,47,1510,167.73015873015873,220.14583333333334,0.031105228325612178
Bihar,Buxar,5972,61,33,1310,97.90163934426229,175.64705882352942,0.02517162471395881
Bihar,Darbhanga,12840,63,47,5193,203.8095238095238,267.5,0.009048902579899884
Bihar,East Champaran,18297,64,576,6520,285.890625,31.7105719237435,0.08833001073454992
Bihar,Gaya,14975,63,363,4179,237.6984126984127,41.14010989010989,0.0868421052631579
Bihar,Gopalganj,7883,63,161,3555,125.12698412698413,48.660493827160494,0.045275590551181105
Bihar,Jamui,6096,62,134,3311,98.3225806451613,45.15555555555556,0.04045893719806763
Bihar,Jehanabad,3499,61,114,478,57.36065573770492,30.42608695652174,0.23799582463465555
Bihar,Kaimur (Bhabua),4413,62,70,1966,71.1774193548387,62.15492957746479,0.03558718861209965
Bihar,Katihar,13100,63,68,6375,207.93650793650792,189.85507246376812,0.01066499372647428
Bihar,Khagaria,6243,61,41,2134,102.34426229508196,148.64285714285714,0.01920374707259953
Bihar,Kishanganj,7963,63,9,4086,126.39682539682539,796.3,0.002202104232933692
Bihar,Lakhisarai,3695,58,60,1629,63.706896551724135,60.57377049180328,0.03680981595092025
Bihar,Madhepura,7178,61,22,2193,117.67213114754098,312.0869565217391,0.010027347310847767
Bihar,Madhubani,14988,62,652,7559,241.74193548387098,22.952526799387442,0.08624338624338625
Bihar,Monghyr,1,1,0,10,1.0,1.0,0.0
Bihar,Munger,3716,61,77,1484,60.91803278688525,47.64102564102564,0.05185185185185185
Bihar,Muzaffarpur,13055,63,492,9781,207.22222222222223,26.480730223123732,0.05029646289102433
Bihar,Nalanda,8697,62,114,2097,140.2741935483871,75.62608695652175,0.05433746425166826
Bihar,Nawada,9568,62,245,1693,154.32258064516128,38.89430894308943,0.1446280991735537
Bihar,Pashchim Champaran,19,10,562,5037,1.9,0.03374777975133215,0.11155220325526002
Bihar,Patna,13913,62,672,3998,224.40322580645162,20.673105497771175,0.16804201050262565
Bihar,Purba Champaran,10,6,0,29,1.6666666666666667,10.0,0.0
Bihar,Purnea,171,36,0,87,4.75,171.0,0.0
Bihar,Purnia,12474,64,146,7956,194.90625,84.85714285714286,0.01834862385321101
Bihar,Rohtas,6464,62,45,1158,104.25806451612904,140.52173913043478,0.03882657463330457
Bihar,Saharsa,9541,62,141,3757,153.88709677419354,67.19014084507042,0.03751995742416179
Bihar,Samastipur,14765,63,80,5485,234.36507936507937,182.28395061728395,0.014582573824279986
Bihar,Samstipur,9,5,0,17,1.8,9.0,0.0
Bihar,Saran,15775,61,155,4130,258.60655737704917,101.12179487179488,0.037521181312030985
Bihar,Sheikhpura,2535,60,7,648,42.25,316.875,0.01078582434514638
Bihar,Sheikpura,12,7,0,5,1.7142857142857142,12.0,0.0
Bihar,Sheohar,2395,57,5,890,42.01754385964912,399.1666666666667,0.005611672278338945
Bihar,Sitamarhi,14665,64,2568,16286,229.140625,5.708446866485014,0.15767176275557193
Bihar,Siwan,11044,62,90,3279,178.1290322580645,121.36263736263736,0.027439024390243903
Bihar,Supaul,8734,64,84,2743,136.46875,102.75294117647059,0.030612244897959183
Bihar,Vaishali,14424,62,35,4401,232.6451612903226,400.6666666666667,0.007950931394820535
Bihar,West Champaran,15596,63,566,8131,247.55555555555554,27.506172839506174,0.06960157402852926
Chandigarh,Chandigarh,2275,60,11,1073,37.916666666666664,189.58333333333334,0.010242085661080074
Chhattisgarh,Balod,1393,57,1,622,24.43859649122807,696.5,0.0016051364365971107
Chhattisgarh,Baloda Bazar,3838,63,25,2051,60.92063492063492,147.6153846153846,0.012183235867446393
Chhattisgarh,Balrampur,4598,63,66,2990,72.98412698412699,68.6268656716418,0.022066198595787363
Chhattisgarh,Bastar,5846,59,6,1572,99.08474576271186,835.1428571428571,0.003814367450731087
Chhattisgarh,Bemetara,2408,61,5,886,39.47540983606557,401.3333333333333,0.005636978579481398
Chhattisgarh,Bijapur,2966,58,1030,2309,51.13793103448276,2.8768186226964114,0.4458874458874459
Chhattisgarh,Bilaspur,6611,61,13,4144,108.37704918032787,472.2142857142857,0.0031363088057901087
Chhattisgarh,Dakshin Bastar Dantewada,1094,56,19,145,19.535714285714285,54.7,0.13013698630136986
Chhattisgarh,Dantewada,567,48,0,75,11.8125,567.0,0.0
Chhattisgarh,Dhamtari,1841,58,2,737,31.74137931034483,613.6666666666666,0.0027100271002710027
Chhattisgarh,Durg,4099,62,39,1858,66.11290322580645,102.475,0.02097902097902098
Chhattisgarh,Gariyaband,1319,57,2,564,23.140350877192983,439.6666666666667,0.0035398230088495575
Chhattisgarh,Gaurela-pendra-marwahi,95,30,2,58,3.1666666666666665,31.666666666666668,0.03389830508474576
Chhattisgarh,Janjgir - Champa,4,3,0,16,1.3333333333333333,4.0,0.0
Chhattisgarh,Janjgir-champa,4308,63,1,1799,68.38095238095238,2154.0,0.0005555555555555556
Chhattisgarh,Jashpur,2277,57,0,725,39.94736842105263,2277.0,0.0
Chhattisgarh,Kabeerdham,761,55,0,364,13.836363636363636,761.0,0.0
Chhattisgarh,Kanker,1632,59,0,638,27.661016949152543,1632.0,0.0
Chhattisgarh,Kawardha,1934,58,0,798,33.3448275862069,1934.0,0.0
Chhattisgarh,Khairagarh Chhuikhadan Gandai,107,30,0,64,3.566666666666667,107.0,0.0
Chhattisgarh,Kondagaon,2583,60,2,857,43.05,861.0,0.002331002331002331
Chhattisgarh,Korba,3079,60,8,1503,51.31666666666667,342.1111111111111,0.005319148936170213
Chhattisgarh,Koriya,1542,57,0,598,27.05263157894737,1542.0,0.0
Chhattisgarh,Mahasamund,2933,62,7,1316,47.306451612903224,366.625,0.005315110098709187
Chhattisgarh,Manendragarh–Chirmiri–Bharatpur,106,27,0,91,3.925925925925926,106.0,0.0
Chhattisgarh,Mohla-Manpur-Ambagarh Chouki,158,43,2,63,3.6744186046511627,52.666666666666664,0.03125
Chhattisgarh,Mungeli,2503,61,1,1098,41.032786885245905,1251.5,0.0009099181073703367
Chhattisgarh,Narayanpur,633,37,0,189,17.10810810810811,633.0,0.0
Chhattisgarh,Raigarh,3775,63,30,2928,59.92063492063492,121.7741935483871,0.010242403550699898
Chhattisgarh,Raipur,6649,63,47,2840,105.53968253968254,138.52083333333334,0.016543470608940514
Chhattisgarh,Rajnandgaon,4189,58,1,1433,72.22413793103448,2094.5,0.000697350069735007
Chhattisgarh,Sakti,284,52,2,169,5.461538461538462,94.66666666666667,0.011764705882352941
Chhattisgarh,Sarangarh-Bilaigarh,115,34,3,38,3.3823529411764706,28.75,0.07692307692307693
Chhattisgarh,Sukma,979,54,109,828,18.12962962962963,8.9,0.13148371531966224
Chhattisgarh,Surajpur,2377,59,2,1057,40.28813559322034,792.3333333333334,0.001890359168241966
Chhattisgarh,Surguja,2825,59,0,1438,47.88135593220339,2825.0,0.0
Chhattisgarh,Uttar Bastar Kanker,773,52,5,285,14.865384615384615,128.83333333333334,0.017482517482517484
Dadra & Nagar Haveli,Dadra & Nagar Haveli,16,11,0,11,1.4545454545454546,16.0,0.0
Dadra and Nagar Haveli,Dadra and Nagar Haveli,463,51,1,390,9.07843137254902,231.5,0.0025575447570332483
Dadra and Nagar Haveli and Daman and Diu,Dadra and Nagar Haveli,61,28,2,35,2.1785714285714284,20.333333333333332,0.05555555555555555
Dadra and Nagar Haveli and Daman and Diu,Daman,34,16,2,23,2.125,11.333333333333334,0.08333333333333333
Dadra and Nagar Haveli and Daman and Diu,Diu,1,1,3,6,1.0,0.25,0.42857142857142855
Daman & Diu,Daman,4,3,0,3,1.3333333333333333,4.0,0.0
Daman & Diu,Diu,5,3,0,8,1.6666666666666667,5.0,0.0
Daman and Diu,Daman,52,19,0,17,2.736842105263158,52.0,0.0
Daman and Diu,Diu,25,13,0,20,1.9230769230769231,25.0,0.0
Delhi,Central Delhi,2221,62,140,1860,35.82258064516129,15.75177304964539,0.07522837184309511
Delhi,East Delhi,14284,67,193,5711,213.19402985074626,73.62886597938144,0.03378851540616246
Delhi,Najafgarh,24,14,0,12,1.7142857142857142,24.0,0.0
Delhi,New Delhi,149,41,212,845,3.6341463414634148,0.6995305164319249,0.25059101654846333
Delhi,North Delhi,2577,58,64,1740,44.43103448275862,39.646153846153844,0.03676048248133257
Delhi,North East,1405,57,2,594,24.649122807017545,468.3333333333333,0.0033613445378151263
Delhi,North East Delhi,12649,64,49,5834,197.640625,252.98,0.008397600685518423
Delhi,North West Delhi,15390,67,267,6622,229.70149253731344,57.42537313432836,0.04031405707383361
Delhi,Shahdara,1491,53,57,972,28.132075471698112,25.70689655172414,0.05858170606372045
Delhi,South Delhi,11622,66,323,5418,176.0909090909091,35.870370370370374,0.059605093190625576
Delhi,South East Delhi,40,15,2,13,2.6666666666666665,13.333333333333334,0.14285714285714285
Delhi,South West Delhi,9025,64,245,4014,141.015625,36.6869918699187,0.06102117061021171
Delhi,West Delhi,18696,66,924,10751,283.27272727272725,20.21189189189189,0.0859375
Goa,North Goa,952,56,54,562,17.0,17.30909090909091,0.09591474245115453
Goa,South Goa,660,55,36,392,12.0,17.83783783783784,0.0916030534351145
Gujarat,Ahmadabad,608,50,240,3691,12.16,2.5228215767634854,0.06500541711809317
Gujarat,Ahmedabad,15418,64,267,6335,240.90625,57.52985074626866,0.04214015151515151
Gujarat,Amreli,2386,59,152,1851,40.440677966101696,15.594771241830065,0.08207343412526998
Gujarat,Anand,3730,59,283,3172,63.220338983050844,13.133802816901408,0.0891900409706902
Gujarat,Arvalli,1051,50,66,1226,21.02,15.686567164179104,0.05378973105134474
Gujarat,Banas Kantha,68,23,782,5917,2.9565217391304346,0.08684546615581099,0.13213923622845555
Gujarat,Banaskantha,10195,59,1369,5982,172.79661016949152,7.4416058394160585,0.22881497576466656
Gujarat,Bharuch,3152,56,60,1969,56.285714285714285,51.67213114754098,0.030456852791878174
Gujarat,Bhavnagar,5280,61,322,5249,86.55737704918033,16.346749226006192,0.06133333333333333
Gujarat,Botad,821,48,91,1803,17.104166666666668,8.923913043478262,0.05044345898004435
Gujarat,Chhotaudepur,1082,53,412,1623,20.41509433962264,2.6198547215496366,0.2536945812807882
Gujarat,Dahod,5144,60,1183,3232,85.73333333333333,4.344594594594595,0.36591401175378907
Gujarat,Devbhumi Dwarka,898,51,168,1303,17.607843137254903,5.313609467455621,0.12883435582822086
Gujarat,Dohad,1298,50,670,4403,25.96,1.9344262295081966,0.15213442325158946
Gujarat,Gandhinagar,5717,59,417,2455,96.89830508474576,13.677033492822966,0.16978827361563517
Gujarat,Gir Somnath,1659,55,285,3331,30.163636363636364,5.800699300699301,0.08553421368547419
Gujarat,Jamnagar,3057,60,188,3160,50.95,16.174603174603174,0.059474849731097755
Gujarat,Junagadh,3799,58,33,2410,65.5,111.73529411764706,0.013687266694317711
Gujarat,Kachchh,6533,59,299,3358,110.72881355932203,21.776666666666667,0.08901458767490325
Gujarat,Kheda,4773,57,353,3020,83.73684210526316,13.483050847457626,0.11684872558755378
Gujarat,Mahesana,3680,59,212,2994,62.3728813559322,17.27699530516432,0.07078464106844741
Gujarat,Mahisagar,1192,55,104,1279,21.672727272727272,11.352380952380953,0.08125
Gujarat,Morbi,5766,53,570,4674,108.79245283018868,10.098073555166375,0.12192513368983957
Gujarat,Narmada,1024,51,7,563,20.07843137254902,128.0,0.012411347517730497
Gujarat,Navsari,1734,51,86,1347,34.0,19.93103448275862,0.06379821958456973
Gujarat,Panch Mahals,11,8,100,822,1.375,0.10891089108910891,0.12150668286755771
Gujarat,Panchmahals,3754,60,296,2808,62.56666666666667,12.63973063973064,0.10537557849768601
Gujarat,Patan,3292,60,603,4546,54.86666666666667,5.450331125827814,0.1326149109302837
Gujarat,Porbandar,977,53,139,1440,18.433962264150942,6.978571428571429,0.09646079111727966
Gujarat,Rajkot,13459,64,761,8442,210.296875,17.66272965879265,0.09013383868293261
Gujarat,Sabar Kantha,44,22,157,1006,2.0,0.27848101265822783,0.15590863952333664
Gujarat,Sabarkantha,3096,57,229,1991,54.31578947368421,13.460869565217392,0.11495983935742972
Gujarat,Surat,23999,67,499,11828,358.1940298507463,47.998,0.04218446191563108
Gujarat,Surendra Nagar,4640,59,214,2809,78.64406779661017,21.58139534883721,0.07615658362989323
Gujarat,Surendranagar,42,22,78,711,1.9090909090909092,0.5316455696202531,0.10955056179775281
Gujarat,Tapi,1641,53,25,1147,30.962264150943398,63.11538461538461,0.02177700348432056
Gujarat,The Dangs,1026,51,73,716,20.11764705882353,13.864864864864865,0.10181311018131102
Gujarat,Vadodara,7958,62,390,4934,128.3548387096774,20.352941176470587,0.0790273556231003
Gujarat,Valsad,4687,62,167,3302,75.59677419354838,27.898809523809526,0.05056009688162277
Haryana,Ambala,2809,57,14,1253,49.280701754385966,187.26666666666668,0.011164274322169059
Haryana,Bhiwani,2961,59,4,1331,50.186440677966104,592.2,0.003003003003003003
Haryana,Charkhi Dadri,700,55,0,336,12.727272727272727,700.0,0.0
Haryana,Faridabad,18588,63,241,9375,295.04761904761904,76.8099173553719,0.02570392491467577
Haryana,Fatehabad,2235,59,5,897,37.88135593220339,372.5,0.005567928730512249
Haryana,Gurgaon,5832,62,108,2897,94.06451612903226,53.5045871559633,0.037267080745341616
Haryana,Hisar,4305,62,12,2320,69.43548387096774,331.15384615384613,0.005170185264971995
Haryana,Jhajjar,2259,58,2,1122,38.94827586206897,753.0,0.0017809439002671415
Haryana,Jind,3333,60,0,1711,55.55,3333.0,0.0
Haryana,Kaithal,3164,59,10,1469,53.6271186440678,287.6363636363636,0.006802721088435374
Haryana,Karnal,3285,59,1,1762,55.67796610169491,1642.5,0.0005672149744753262
Haryana,Kurukshetra,1957,57,11,988,34.333333333333336,163.08333333333334,0.011122345803842264
Haryana,Mahendragarh,2190,60,1,1067,36.5,1095.0,0.0009363295880149813
Haryana,Mewat,7552,60,14,3329,125.86666666666666,503.46666666666664,0.004204204204204204
Haryana,Palwal,4749,62,3,1668,76.59677419354838,1187.25,0.0017974835230677051
Haryana,Panchkula,1099,56,1,449,19.625,549.5,0.0022222222222222222
Haryana,Panipat,6261,61,33,3569,102.63934426229508,184.14705882352942,0.009243697478991597
Haryana,Rewari,2214,59,4,911,37.52542372881356,442.8,0.0043859649122807015
Haryana,Rohtak,3101,62,54,1593,50.016129032258064,56.38181818181818,0.033877038895859475
Haryana,Sirsa,3050,61,0,1190,50.0,3050.0,0.0
Haryana,Sonipat,4476,63,31,2003,71.04761904761905,139.875,0.015469061876247504
Haryana,Yamuna Nagar,2999,57,2,1288,52.6140350877193,999.6666666666666,0.0015515903801396431
Haryana,Yamunanagar,46,17,0,25,2.7058823529411766,46.0,0.0
Himachal Pradesh,Bilaspur,626,55,0,399,11.381818181818181,626.0,0.0
Himachal Pradesh,Chamba,1443,54,1,589,26.72222222222222,721.5,0.001694915254237288
Himachal Pradesh,Hamirpur,650,55,0,422,11.818181818181818,650.0,0.0
Himachal Pradesh,Kangra,2954,58,9,1712,50.93103448275862,295.4,0.005253940455341506
Himachal Pradesh,Kinnaur,66,29,1,53,2.2758620689655173,33.0,0.018518518518518517
Himachal Pradesh,Kullu,797,50,57,362,15.94,13.741379310344827,0.15702479338842976
Himachal Pradesh,Lahul & Spiti,3,2,0,17,1.5,3.0,0.0
Himachal Pradesh,Lahul and Spiti,5,3,0,13,1.6666666666666667,5.0,0.0
Himachal Pradesh,Mandi,1612,59,6,1009,27.322033898305083,230.28571428571428,0.005940594059405941
Himachal Pradesh,Shimla,1219,56,7,600,21.767857142857142,152.375,0.011647254575707155
Himachal Pradesh,Sirmaur,1225,56,4,664,21.875,245.0,0.006015037593984963
Himachal Pradesh,Solan,879,59,2,451,14.898305084745763,293.0,0.004424778761061947
Himachal Pradesh,Una,859,57,0,523,15.070175438596491,859.0,0.0
Jammu & Kashmir,Baramula,15,7,0,23,2.142857142857143,15.0,0.0
Jammu & Kashmir,Jammu,8,5,0,26,1.6,8.0,0.0
Jammu and Kashmir,Anantnag,2932,58,2,1258,50.55172413793103,977.3333333333334,0.0015885623510722795
Jammu and Kashmir,Badgam,1627,56,0,655,29.053571428571427,1627.0,0.0
Jammu and Kashmir,Bandipore,1516,51,6,570,29.725490196078432,216.57142857142858,0.010507880910683012
Jammu and Kashmir,Baramula,3599,62,20,1209,58.04838709677419,171.38095238095238,0.01652892561983471
Jammu and Kashmir,Budgam,680,54,3,338,12.592592592592593,170.0,0.008849557522123894
Jammu and Kashmir,Doda,3183,57,0,1072,55.8421052631579,3183.0,0.0
Jammu and Kashmir,Ganderbal,671,52,0,340,12.903846153846153,671.0,0.0
Jammu and Kashmir,Jammu,3443,61,20,1731,56.442622950819676,163.95238095238096,0.011547344110854504
Jammu and Kashmir,Kargil,380,50,0,140,7.6,380.0,0.0
Jammu and Kashmir,Kathua,2671,57,4,716,46.85964912280702,534.2,0.005578800557880056
Jammu and Kashmir,Kishtwar,864,50,1,331,17.28,432.0,0.0030120481927710845
Jammu and Kashmir,Kulgam,897,46,0,377,19.5,897.0,0.0
Jammu and Kashmir,Kupwara,2453,57,5,1054,43.03508771929825,408.8333333333333,0.004739336492890996
Jammu and Kashmir,Leh,145,35,1,66,4.142857142857143,72.5,0.014925373134328358
Jammu and Kashmir,Pulwama,1446,54,6,737,26.77777777777778,206.57142857142858,0.008130081300813009
Jammu and Kashmir,Punch,2160,56,11,731,38.57142857142857,180.0,0.015027322404371584
Jammu and Kashmir,Rajouri,2080,59,0,702,35.25423728813559,2080.0,0.0
Jammu and Kashmir,Ramban,1490,54,0,397,27.59259259259259,1490.0,0.0
Jammu and Kashmir,Reasi,1325,55,0,386,24.09090909090909,1325.0,0.0
Jammu and Kashmir,Samba,478,52,1,232,9.192307692307692,239.0,0.004291845493562232
Jammu and Kashmir,Shupiyan,534,39,1,218,13.692307692307692,267.0,0.0045662100456621
Jammu and Kashmir,Srinagar,2729,59,9,1443,46.25423728813559,272.9,0.006232686980609419
Jammu and Kashmir,Udhampur,2207,57,6,716,38.719298245614034,315.2857142857143,0.008368200836820083
Jharkhand,Bokaro,4631,59,9,1552,78.49152542372882,463.1,0.005795235028976175
Jharkhand,Chatra,4347,61,26,1913,71.26229508196721,161.0,0.013584117032392894
Jharkhand,Deoghar,6267,62,96,2033,101.08064516129032,64.6082474226804,0.0471976401179941
Jharkhand,Dhanbad,7908,60,52,3884,131.8,149.20754716981133,0.013384813384813385
Jharkhand,Dumka,4404,62,68,1384,71.03225806451613,63.82608695652174,0.04909747292418772
Jharkhand,East Singhbhum,6337,62,43,2540,102.20967741935483,144.02272727272728,0.016922471467926012
Jharkhand,Garhwa,5242,60,7,2001,87.36666666666666,655.25,0.0034965034965034965
Jharkhand,Garhwa *,282,46,0,137,6.130434782608695,282.0,0.0
Jharkhand,Giridih,11036,62,57,3876,178.0,190.27586206896552,0.014702089244261026
Jharkhand,Godda,4327,60,12,1451,72.11666666666666,332.84615384615387,0.008264462809917356
Jharkhand,Gumla,4591,60,60,2346,76.51666666666667,75.26229508196721,0.02556455048998722
Jharkhand,Hazaribag,427,54,0,183,7.907407407407407,427.0,0.0
Jharkhand,Hazaribagh,4712,62,14,2014,76.0,314.1333333333333,0.006947890818858561
Jharkhand,Jamtara,3318,58,4,1631,57.206896551724135,663.6,0.0024509803921568627
Jharkhand,Khunti,1677,59,35,795,28.423728813559322,46.583333333333336,0.04396984924623116
Jharkhand,Kodarma,273,43,0,91,6.348837209302325,273.0,0.0
Jharkhand,Koderma,2340,60,5,1046,39.0,390.0,0.004775549188156638
Jharkhand,Latehar,2053,56,1,764,36.660714285714285,1026.5,0.00130718954248366
Jharkhand,Lohardaga,1669,56,44,895,29.803571428571427,37.08888888888889,0.049107142857142856
Jharkhand,Pakaur,197,36,0,129,5.472222222222222,197.0,0.0
Jharkhand,Pakur,2569,58,44,3277,44.293103448275865,57.08888888888889,0.013422818791946308
Jharkhand,Palamau,159,32,0,95,4.96875,159.0,0.0
Jharkhand,Palamu,7613,61,22,2717,124.80327868852459,331.0,0.008094186902133923
Jharkhand,Pashchimi Singhbhum,450,47,1,146,9.574468085106384,225.0,0.006802721088435374
Jharkhand,Purbi Singhbhum,668,57,0,422,11.719298245614034,668.0,0.0
Jharkhand,Ramgarh,2277,60,5,889,37.95,379.5,0.0056179775280898875
Jharkhand,Ranchi,9684,62,266,4564,156.19354838709677,36.26966292134831,0.058269441401971524
Jharkhand,Sahebganj,5184,60,9,1354,86.4,518.4,0.006642066420664207
Jharkhand,Sahibganj,302,43,0,84,7.023255813953488,302.0,0.0
Jharkhand,Seraikela-Kharsawan,2651,61,22,1021,43.459016393442624,115.26086956521739,0.021526418786692758
Jharkhand,Seraikela-kharsawan,587,56,0,223,10.482142857142858,587.0,0.0
Jharkhand,Simdega,1680,58,0,848,28.96551724137931,1680.0,0.0
Jharkhand,West Singhbhum,4818,61,36,2106,78.98360655737704,130.21621621621622,0.0170859041290935
Karnataka,Bagalkot,5341,60,35,2653,89.01666666666667,148.36111111111111,0.013187641296156745
Karnataka,Bagalkot *,88,33,0,100,2.6666666666666665,88.0,0.0
Karnataka,Ballari,1684,56,28,1157,30.071428571428573,58.06896551724138,0.024179620034542316
Karnataka,Bangalore,5080,61,2,2443,83.27868852459017,1693.3333333333333,0.0008183306055646482
Karnataka,Bangalore Rural,2034,60,78,964,33.9,25.746835443037973,0.08082901554404145
Karnataka,Belagavi,4941,60,49,3269,82.35,98.82,0.014984709480122324
Karnataka,Belgaum,4786,63,2,2772,75.96825396825396,1595.3333333333333,0.000721240533717995
Karnataka,Bellary,3118,59,0,1786,52.847457627118644,3118.0,0.0
Karnataka,Bengaluru,22577,64,2763,13507,352.765625,8.16823444283647,0.20454545454545456
Karnataka,Bengaluru South,20,7,2,1,2.857142857142857,6.666666666666667,1.0
Karnataka,Bidar,3732,62,22,1817,60.193548387096776,162.2608695652174,0.0121012101210121
Karnataka,Bijapur,3148,60,3,1702,52.46666666666667,787.0,0.0017615971814445098
Karnataka,Chamarajanagar,106,34,0,105,3.1176470588235294,106.0,0.0
Karnataka,Chamrajanagar,1627,60,12,858,27.116666666666667,125.15384615384616,0.013969732246798603
Karnataka,Chamrajnagar,140,37,0,144,3.7837837837837838,140.0,0.0
Karnataka,Chickmagalur,764,52,0,460,14.692307692307692,764.0,0.0
Karnataka,Chikkaballapur,2056,59,5,1249,34.847457627118644,342.6666666666667,0.004
Karnataka,Chikkamagaluru,553,53,19,430,10.433962264150944,27.65,0.04408352668213457
Karnataka,Chikmagalur,46,22,0,58,2.090909090909091,46.0,0.0
Karnataka,Chitradurga,2949,60,14,1566,49.15,196.6,0.008934269304403318
Karnataka,Dakshina Kannada,4342,60,47,2479,72.36666666666666,90.45833333333333,0.018951612903225806
Karnataka,Davanagere,212,49,0,203,4.326530612244898,212.0,0.0
Karnataka,Davangere,3470,61,15,1794,56.885245901639344,216.875,0.008356545961002786
Karnataka,Dharwad,3828,61,3,2008,62.75409836065574,957.0,0.0014932802389248383
Karnataka,Gadag,3451,59,20,2137,58.49152542372882,164.33333333333334,0.009354536950420954
Karnataka,Gadag *,67,24,0,66,2.7916666666666665,67.0,0.0
Karnataka,Gulbarga,3092,59,0,1552,52.40677966101695,3092.0,0.0
Karnataka,Hasan,508,51,0,364,9.96078431372549,508.0,0.0
Karnataka,Hassan,1638,59,1,972,27.76271186440678,819.0,0.0010277492291880781
Karnataka,Haveri,3105,61,28,1632,50.90163934426229,107.06896551724138,0.017146356399265157
Karnataka,Haveri *,55,21,0,42,2.619047619047619,55.0,0.0
Karnataka,Kalaburagi,3726,62,29,2041,60.096774193548384,124.2,0.014201762977473066
Karnataka,Kodagu,721,54,17,367,13.351851851851851,40.05555555555556,0.04619565217391304
Karnataka,Kolar,3356,61,12,1488,55.01639344262295,258.15384615384613,0.008059100067159167
Karnataka,Koppal,4455,60,16,1828,74.25,262.05882352941177,0.008747949699289229
Karnataka,Mandya,2682,59,1,1213,45.45762711864407,1341.0,0.0008237232289950577
Karnataka,Mysore,2123,59,1,1124,35.983050847457626,1061.5,0.0008888888888888889
Karnataka,Mysuru,3341,61,175,2033,54.77049180327869,18.982954545454547,0.08603736479842675
Karnataka,Raichur,7092,60,56,3208,118.2,124.42105263157895,0.017450919289498285
Karnataka,Ramanagar,2042,59,4,1224,34.610169491525426,408.4,0.0032653061224489797
Karnataka,Shimoga,1435,57,0,851,25.17543859649123,1435.0,0.0
Karnataka,Shivamogga,1367,60,2,841,22.783333333333335,455.6666666666667,0.0023752969121140144
Karnataka,Tumakuru,1850,61,25,1169,30.327868852459016,71.15384615384616,0.021367521367521368
Karnataka,Tumkur,2063,60,0,1130,34.38333333333333,2063.0,0.0
Karnataka,Udupi,2440,58,18,1878,42.06896551724138,128.42105263157896,0.009579563597658328
Karnataka,Uttara Kannada,2161,59,9,1228,36.6271186440678,216.1,0.007323026851098454
Karnataka,Vijayanagara,1138,56,25,861,20.321428571428573,43.76923076923077,0.029002320185614848
Karnataka,Vijayapura,4006,61,50,2507,65.67213114754098,78.54901960784314,0.019936204146730464
Karnataka,Yadgir,5051,62,34,2459,81.46774193548387,144.31428571428572,0.013821138211382113
Karnataka,yadgir,381,47,0,274,8.106382978723405,381.0,0.0
Kerala,Alappuzha,2464,56,14,1081,44.0,164.26666666666668,0.012939001848428836
Kerala,Ernakulam,4369,60,81,1864,72.81666666666666,53.28048780487805,0.043431635388739946
Kerala,Idukki,1173,56,8,612,20.946428571428573,130.33333333333334,0.013050570962479609
Kerala,Kannur,4478,59,73,1547,75.89830508474576,60.513513513513516,0.047157622739018086
Kerala,Kasaragod,2784,58,16,994,48.0,163.76470588235293,0.016080402010050253
Kerala,Kasargod,115,36,0,105,3.1944444444444446,115.0,0.0
Kerala,Kollam,3701,57,76,1583,64.9298245614035,48.064935064935064,0.047979797979797977
Kerala,Kottayam,2300,57,12,1061,40.35087719298246,176.92307692307693,0.011299435028248588
Kerala,Kozhikode,5120,59,51,1779,86.77966101694915,98.46153846153847,0.028651685393258425
Kerala,Malappuram,10627,60,93,3675,177.11666666666667,113.05319148936171,0.02529923830250272
Kerala,Palakkad,4456,57,46,1867,78.17543859649123,94.80851063829788,0.02462526766595289
Kerala,Pathanamthitta,1226,57,32,618,21.50877192982456,37.15151515151515,0.051696284329563816
Kerala,Thiruvananthapuram,4736,59,120,2051,80.27118644067797,39.14049586776859,0.05847953216374269
Kerala,Thrissur,5275,58,71,1964,90.94827586206897,73.26388888888889,0.036132315521628496
Kerala,Wayanad,1279,57,5,437,22.43859649122807,213.16666666666666,0.01141552511415525
Ladakh,Kargil,284,43,2,128,6.604651162790698,94.66666666666667,0.015503875968992248
Ladakh,Leh,91,28,7,39,3.25,11.375,0.175
Lakshadweep,Lakshadweep,105,34,0,87,3.088235294117647,105.0,0.0
Madhya Pradesh,Agar Malwa,1784,56,5,518,31.857142857142858,297.3333333333333,0.009633911368015413
Madhya Pradesh,Alirajpur,3163,57,232,1797,55.49122807017544,13.57510729613734,0.12903225806451613
Madhya Pradesh,Anuppur,2204,58,5,809,38.0,367.3333333333333,0.006172839506172839
Madhya Pradesh,Ashok Nagar,3593,61,81,2222,58.90163934426229,43.81707317073171,0.03643724696356275
Madhya Pradesh,Balaghat,5444,62,11,2675,87.80645161290323,453.6666666666667,0.004110612855007474
Madhya Pradesh,Barwani,21986,63,530,9847,348.984126984127,41.40489642184557,0.05381803411860276
Madhya Pradesh,Betul,5861,61,74,3226,96.08196721311475,78.14666666666666,0.02293151533932445
Madhya Pradesh,Bhind,7580,65,541,5833,116.61538461538461,13.985239852398523,0.09273225917038053
Madhya Pradesh,Bhopal,11046,64,88,5847,172.59375,124.11235955056179,0.015047879616963064
Madhya Pradesh,Burhanpur,5848,57,353,5097,102.59649122807018,16.519774011299436,0.06924284032954099
Madhya Pradesh,Chhatarpur,12472,61,265,6160,204.45901639344262,46.88721804511278,0.043012497971108586
Madhya Pradesh,Chhindwara,7206,59,15,3416,122.13559322033899,450.375,0.004389815627743635
Madhya Pradesh,Damoh,5139,60,9,2230,85.65,513.9,0.004034065441506051
Madhya Pradesh,Datia,4800,58,38,2258,82.75862068965517,123.07692307692308,0.016821602478972998
Madhya Pradesh,Dewas,9992,63,52,3710,158.6031746031746,188.52830188679246,0.01401239558070601
Madhya Pradesh,Dhar,10110,61,322,4396,165.7377049180328,31.30030959752322,0.073231748919718
Madhya Pradesh,Dindori,2006,55,0,969,36.472727272727276,2006.0,0.0
Madhya Pradesh,East Nimar,2470,59,16,1075,41.86440677966102,145.2941176470588,0.01486988847583643
Madhya Pradesh,Guna,7092,62,47,4386,114.38709677419355,147.75,0.010713471620697515
Madhya Pradesh,Gwalior,12443,64,500,8023,194.421875,24.836327345309382,0.06231306081754736
Madhya Pradesh,Harda,1855,54,3,812,34.351851851851855,463.75,0.0036900369003690036
Madhya Pradesh,Harda *,465,47,0,269,9.893617021276595,465.0,0.0
Madhya Pradesh,Hoshangabad,4671,59,12,2766,79.16949152542372,359.3076923076923,0.0043368268883267076
Madhya Pradesh,Indore,22213,68,397,9592,326.6617647058824,55.811557788944725,0.04138434274992182
Madhya Pradesh,Jabalpur,9583,61,27,4823,157.0983606557377,342.25,0.005597014925373134
Madhya Pradesh,Jhabua,6500,58,231,3964,112.06896551724138,28.017241379310345,0.05825977301387138
Madhya Pradesh,Katni,9411,61,62,4175,154.27868852459017,149.38095238095238,0.014846743295019157
Madhya Pradesh,Khandwa,4041,60,41,1851,67.35,96.21428571428571,0.022138228941684664
Madhya Pradesh,Khargone,7670,61,426,6566,125.73770491803279,17.962529274004684,0.0648698035632709
Madhya Pradesh,Maihar,259,45,10,152,5.7555555555555555,23.545454545454547,0.06535947712418301
Madhya Pradesh,Mandla,3843,56,2,1785,68.625,1281.0,0.0011198208286674132
Madhya Pradesh,Mandsaur,6480,61,4,2200,106.22950819672131,1296.0,0.001817355747387551
Madhya Pradesh,Mauganj,303,48,1,183,6.3125,151.5,0.005434782608695652
Madhya Pradesh,Morena,18036,62,509,9123,290.9032258064516,35.36470588235294,0.05578693555458132
Madhya Pradesh,Narmadapuram,455,48,4,290,9.479166666666666,91.0,0.013745704467353952
Madhya Pradesh,Narsimhapur,856,53,0,461,16.150943396226417,856.0,0.0
Madhya Pradesh,Narsinghpur,4536,61,58,2013,74.36065573770492,76.88135593220339,0.028798411122144985
Madhya Pradesh,Neemuch,4247,59,2,1497,71.98305084745763,1415.6666666666667,0.0013351134846461949
Madhya Pradesh,Niwari,50,23,1,38,2.1739130434782608,25.0,0.02564102564102564
Madhya Pradesh,Pandhurna,20,11,1,22,1.8181818181818181,10.0,0.043478260869565216
Madhya Pradesh,Panna,8502,65,75,3936,130.8,111.86842105263158,0.0190500381000762
Madhya Pradesh,Raisen,6125,62,38,3120,98.79032258064517,157.05128205128204,0.012175584748478052
Madhya Pradesh,Rajgarh,5899,59,11,2020,99.98305084745763,491.5833333333333,0.0054428500742206825
Madhya Pradesh,Ratlam,6530,61,7,2475,107.04918032786885,816.25,0.002827140549273021
Madhya Pradesh,Rewa,9416,61,3,4302,154.36065573770492,2354.0,0.0006971880083662561
Madhya Pradesh,Sagar,12081,64,99,5278,188.765625,120.81,0.018753551809054744
Madhya Pradesh,Satna,11952,63,42,6011,189.71428571428572,277.95348837209303,0.006986027944111776
Madhya Pradesh,Sehore,4711,60,35,2427,78.51666666666667,130.86111111111111,0.014415156507413509
Madhya Pradesh,Seoni,4948,59,4,2543,83.86440677966101,989.6,0.0015723270440251573
Madhya Pradesh,Shahdol,4188,58,12,1736,72.20689655172414,322.15384615384613,0.0069084628670120895
Madhya Pradesh,Shajapur,5994,58,9,1959,103.34482758620689,599.4,0.004591836734693878
Madhya Pradesh,Sheopur,4925,59,113,2173,83.47457627118644,43.20175438596491,0.05197792088316467
Madhya Pradesh,Shivpuri,10523,63,440,4151,167.03174603174602,23.861678004535147,0.10597302504816955
Madhya Pradesh,Sidhi,5186,61,9,2537,85.01639344262296,518.6,0.0035460992907801418
Madhya Pradesh,Singrauli,5801,61,7,2594,95.09836065573771,725.125,0.002697495183044316
Madhya Pradesh,Tikamgarh,6132,61,7,2186,100.52459016393442,766.5,0.003200731595793324
Madhya Pradesh,Ujjain,12314,59,20,4767,208.71186440677965,586.3809523809524,0.0041946308724832215
Madhya Pradesh,Umaria,4455,60,5,1898,74.25,742.5,0.0026329647182727752
Madhya Pradesh,Vidisha,7883,62,145,4845,127.14516129032258,53.99315068493151,0.02992158481221626
Madhya Pradesh,West Nimar,416,48,4,291,8.666666666666666,83.2,0.0136986301369863
Maharashtra,Ahmadnagar,8872,63,63,3166,140.82539682539684,138.625,0.019892642879696873
Maharashtra,Ahmed Nagar,148,36,0,86,4.111111111111111,148.0,0.0
Maharashtra,Akola,3281,59,46,2092,55.610169491525426,69.80851063829788,0.02197802197802198
Maharashtra,Amravati,6089,62,48,3261,98.20967741935483,124.26530612244898,0.014714898835070508
Maharashtra,Aurangabad,10571,63,129,7617,167.79365079365078,81.31538461538462,0.016933578367025467
Maharashtra,Beed,8706,67,183,5035,129.9402985074627,47.31521739130435,0.0363383637807784
Maharashtra,Bhandara,1342,58,4,774,23.137931034482758,268.4,0.005161290322580645
Maharashtra,Bid,373,50,0,205,7.46,373.0,0.0
Maharashtra,Buldana,786,55,0,536,14.290909090909091,786.0,0.0
Maharashtra,Buldhana,4205,61,116,3720,68.93442622950819,35.94017094017094,0.031174415479709755
Maharashtra,Chandrapur,3097,60,59,2270,51.61666666666667,51.61666666666667,0.025979744605900485
Maharashtra,Chatrapati Sambhaji Nagar,163,37,3,49,4.405405405405405,40.75,0.06
Maharashtra,Chhatrapati Sambhajinagar,395,52,130,196,7.596153846153846,3.015267175572519,0.6598984771573604
Maharashtra,Dharashiv,35,17,0,40,2.0588235294117645,35.0,0.0
Maharashtra,Dhule,6503,61,435,4843,106.60655737704919,14.9151376146789,0.0898018166804294
Maharashtra,Gadchiroli,1841,58,7,1003,31.74137931034483,230.125,0.0069721115537848604
Maharashtra,Gondia,9,7,0,14,1.2857142857142858,9.0,0.0
Maharashtra,Gondiya,2254,57,2,1350,39.54385964912281,751.3333333333334,0.0014803849000740192
Maharashtra,Gondiya *,32,17,0,27,1.8823529411764706,32.0,0.0
Maharashtra,Hingoli,2679,58,353,4995,46.189655172413794,7.567796610169491,0.07065652522017614
Maharashtra,Jalgaon,9230,61,139,6222,151.31147540983608,65.92857142857143,0.022336493652579142
Maharashtra,Jalna,4460,63,6,2304,70.7936507936508,637.1428571428571,0.0026030368763557484
Maharashtra,Kolhapur,6153,61,26,2876,100.8688524590164,227.88888888888889,0.009037191518943343
Maharashtra,Latur,5081,63,104,3490,80.65079365079364,48.39047619047619,0.02979089086221713
Maharashtra,Mumbai,11542,62,63,4517,186.16129032258064,180.34375,0.013944223107569721
Maharashtra,Mumbai City,2546,60,23,902,42.43333333333333,106.08333333333333,0.02547065337763012
Maharashtra,Mumbai Suburban,15803,66,562,7681,239.43939393939394,28.069271758436944,0.07315803176256183
Maharashtra,Mumbai( Sub Urban ),194,44,0,130,4.409090909090909,194.0,0.0
Maharashtra,Nagpur,9202,62,141,5567,148.41935483870967,64.80281690140845,0.025323275862068964
Maharashtra,Nanded,7045,62,204,6114,113.62903225806451,34.36585365853659,0.03336058871627146
Maharashtra,Nandurbar,6850,64,174,5263,107.03125,39.142857142857146,0.03305471124620061
Maharashtra,Nandurbar *,48,22,1,60,2.1818181818181817,24.0,0.01639344262295082
Maharashtra,Nashik,18838,63,210,9297,299.015873015873,89.27962085308057,0.022585502258550227
Maharashtra,Osmanabad,2921,60,10,1664,48.68333333333333,265.54545454545456,0.006006006006006006
Maharashtra,Palghar,8587,64,123,3875,134.171875,69.25,0.03173374613003096
Maharashtra,Parbhani,4510,62,96,2680,72.74193548387096,46.49484536082474,0.03580753450205147
Maharashtra,Pune,23786,64,530,12515,371.65625,44.79472693032015,0.04234579737935443
Maharashtra,Raigad,1918,58,55,1770,33.06896551724138,34.25,0.031055900621118012
Maharashtra,Raigarh,4322,60,0,1993,72.03333333333333,4322.0,0.0
Maharashtra,Raigarh(MH),32,15,0,32,2.1333333333333333,32.0,0.0
Maharashtra,Ratnagiri,2038,62,3,1002,32.87096774193548,509.5,0.0029910269192422734
Maharashtra,Sangli,4242,58,121,3292,73.13793103448276,34.77049180327869,0.036744609778317644
Maharashtra,Satara,3703,62,95,2361,59.725806451612904,38.572916666666664,0.04022015241320914
Maharashtra,Sindhudurg,866,58,4,463,14.931034482758621,173.2,0.008620689655172414
Maharashtra,Solapur,8454,62,162,4723,136.3548387096774,51.86503067484663,0.03429297205757832
Maharashtra,Thane,38279,67,718,18333,571.3283582089553,53.23922114047288,0.0391622122831897
Maharashtra,Wardha,1457,59,1,879,24.694915254237287,728.5,0.0011363636363636363
Maharashtra,Washim,1905,59,35,1598,32.28813559322034,52.916666666666664,0.021888680425265792
Maharashtra,Washim *,6,4,0,15,1.5,6.0,0.0
Maharashtra,Yavatmal,4442,59,89,3532,75.28813559322033,49.355555555555554,0.025191055759977356
Manipur,Bishnupur,745,57,39,280,13.070175438596491,18.625,0.1387900355871886
Manipur,Chandel,547,50,2,121,10.94,182.33333333333334,0.01639344262295082
Manipur,Churachandpur,1446,57,75,936,25.36842105263158,19.026315789473685,0.08004268943436499
Manipur,Imphal East,920,60,2,219,15.333333333333334,306.6666666666667,0.00909090909090909
Manipur,Imphal West,956,61,29,269,15.672131147540984,31.866666666666667,0.10740740740740741
Manipur,Jiribam,123,32,0,26,3.84375,123.0,0.0
Manipur,Kakching,85,31,1,17,2.7419354838709675,42.5,0.05555555555555555
Manipur,Pherzawl,2,1,0,1,2.0,2.0,0.0
Manipur,Senapati,1058,57,5,412,18.56140350877193,176.33333333333334,0.012106537530266344
Manipur,Tamenglong,755,53,16,125,14.245283018867925,44.411764705882355,0.12698412698412698
Manipur,Thoubal,791,59,3,170,13.40677966101695,197.75,0.017543859649122806
Manipur,Ukhrul,761,50,4,147,15.22,152.2,0.02702702702702703
Meghalaya,East Garo Hills,890,36,1519,964,24.72222222222222,0.5855263157894737,1.5740932642487047
Meghalaya,East Jaintia Hills,758,41,1592,939,18.48780487804878,0.4758317639673572,1.6936170212765957
Meghalaya,East Khasi Hills,4637,59,8317,3838,78.59322033898304,0.557465736955999,2.166449596249023
Meghalaya,Eastern West Khasi Hills,9,2,3,2,4.5,2.25,1.0
Meghalaya,North Garo Hills,451,41,497,410,11.0,0.9056224899598394,1.2092457420924574
Meghalaya,Ri Bhoi,1626,53,2874,1184,30.67924528301887,0.5655652173913044,2.4253164556962026
Meghalaya,South Garo Hills,738,36,1287,513,20.5,0.5729813664596274,2.5038910505836576
Meghalaya,South West Garo Hills,790,48,805,2284,16.458333333333332,0.9801488833746899,0.3522975929978118
Meghalaya,South West Khasi Hills,565,45,1026,642,12.555555555555555,0.5501460564751705,1.5956454121306376
Meghalaya,West Garo Hills,2507,52,4220,3927,48.21153846153846,0.5939350864723999,1.0743380855397149
Meghalaya,West Jaintia Hills,1349,52,3507,2257,25.942307692307693,0.3845496009122007,1.5531443755535872
Meghalaya,West Khasi Hills,1735,49,4964,2278,35.40816326530612,0.34944612286002014,2.1781483106625714
Mizoram,Aizawl,883,58,12,408,15.224137931034482,67.92307692307692,0.029339853300733496
Mizoram,Champhai,844,52,71,679,16.23076923076923,11.722222222222221,0.10441176470588236
Mizoram,Khawzawl,15,1,16,3,15.0,0.8823529411764706,4.0
Mizoram,Kolasib,152,39,29,129,3.8974358974358974,5.066666666666666,0.2230769230769231
Mizoram,Lawngtlai,961,52,96,832,18.48076923076923,9.907216494845361,0.11524609843937575
Mizoram,Lunglei,238,41,37,354,5.804878048780488,6.2631578947368425,0.10422535211267606
Mizoram,Mamit,86,20,3,81,4.3,21.5,0.036585365853658534
Mizoram,Mammit,34,13,0,33,2.6153846153846154,34.0,0.0
Mizoram,Saiha,253,46,87,293,5.5,2.875,0.29591836734693877
Mizoram,Serchhip,70,26,3,48,2.6923076923076925,17.5,0.061224489795918366
Nagaland,Chumukedima,25,11,34,29,2.272727272727273,0.7142857142857143,1.1333333333333333
Nagaland,Dimapur,714,54,246,959,13.222222222222221,2.8906882591093117,0.25625
Nagaland,Kiphire,483,47,40,112,10.27659574468085,11.78048780487805,0.35398230088495575
Nagaland,Kohima,541,50,81,479,10.82,6.597560975609756,0.16875
Nagaland,Longleng,103,34,39,201,3.0294117647058822,2.575,0.19306930693069307
Nagaland,Meluri,9,6,1,1,1.5,4.5,0.5
Nagaland,Mokokchung,173,39,28,118,4.435897435897436,5.9655172413793105,0.23529411764705882
Nagaland,Mon,792,55,128,505,14.4,6.1395348837209305,0.25296442687747034
Nagaland,Niuland,7,2,1,9,3.5,3.5,0.1
Nagaland,Noklak,237,39,24,62,6.076923076923077,9.48,0.38095238095238093
Nagaland,Peren,224,40,79,482,5.6,2.8,0.16356107660455488
Nagaland,Phek,307,41,33,240,7.487804878048781,9.029411764705882,0.13692946058091288
Nagaland,Shamator,122,26,9,3,4.6923076923076925,12.2,2.25
Nagaland,Tseminyu,13,5,4,3,2.6,2.6,1.0
Nagaland,Tuensang,400,41,76,412,9.75609756097561,5.194805194805195,0.18401937046004843
Nagaland,Wokha,258,38,24,94,6.7894736842105265,10.32,0.25263157894736843
Nagaland,Zunheboto,263,42,38,92,6.261904761904762,6.743589743589744,0.40860215053763443
Odisha,ANUGUL,2,2,0,4,1.0,2.0,0.0
Odisha,Angul,2452,61,10,1448,40.19672131147541,222.9090909090909,0.006901311249137336
Odisha,Anugul,61,18,0,67,3.388888888888889,61.0,0.0
Odisha,Balangir,4141,61,23,2411,67.88524590163935,172.54166666666666,0.009535655058043118
Odisha,Baleshwar,544,55,0,374,9.89090909090909,544.0,0.0
Odisha,Baleswar,4862,61,3,2892,79.70491803278688,1215.5,0.0010369858278603526
Odisha,Bargarh,4048,61,2,2391,66.36065573770492,1349.3333333333333,0.0008361204013377926
Odisha,Baudh,128,38,0,75,3.3684210526315788,128.0,0.0
Odisha,Bhadrak,3665,62,1,2046,59.11290322580645,1832.5,0.0004885197850512946
Odisha,Boudh,1068,62,0,743,17.225806451612904,1068.0,0.0
Odisha,Cuttack,3765,62,7,2205,60.725806451612904,470.625,0.003173164097914778
Odisha,Debagarh,666,52,2,388,12.807692307692308,222.0,0.005141388174807198
Odisha,Dhenkanal,2244,60,0,1306,37.4,2244.0,0.0
Odisha,Gajapati,1753,60,4,1007,29.216666666666665,350.6,0.003968253968253968
Odisha,Ganjam,6065,63,2,3384,96.26984126984127,2021.6666666666667,0.0005908419497784342
Odisha,JAJPUR,1738,59,11,962,29.45762711864407,144.83333333333334,0.01142263759086189
Odisha,Jagatsinghapur,2236,59,1,1640,37.898305084745765,1118.0,0.0006093845216331506
Odisha,Jagatsinghpur,450,50,0,336,9.0,450.0,0.0
Odisha,Jajapur,1976,60,1,1028,32.93333333333333,988.0,0.0009718172983479105
Odisha,Jajpur,1,1,0,5,1.0,1.0,0.0
Odisha,Jharsuguda,882,60,0,569,14.7,882.0,0.0
Odisha,Kalahandi,3806,62,26,2122,61.38709677419355,140.96296296296296,0.012246820536975978
Odisha,Kandhamal,2355,59,0,1674,39.91525423728814,2355.0,0.0
Odisha,Kendrapara,3092,61,15,1612,50.68852459016394,193.25,0.009299442033477991
Odisha,Kendujhar,4054,62,5,2340,65.38709677419355,675.6666666666666,0.0021358393848782574
Odisha,Khorda,3375,62,7,1763,54.435483870967744,421.875,0.003968253968253968
Odisha,Khordha,188,50,13,197,3.76,13.428571428571429,0.06565656565656566
Odisha,Koraput,3827,62,0,2133,61.725806451612904,3827.0,0.0
Odisha,Malkangiri,2315,59,1,1567,39.23728813559322,1157.5,0.0006377551020408163
Odisha,Mayurbhanj,6621,61,8,3922,108.54098360655738,735.6666666666666,0.002039255671679837
Odisha,NUAPADA,19,10,0,22,1.9,19.0,0.0
Odisha,Nabarangapur,4862,63,15,2857,77.17460317460318,303.875,0.005248425472358292
Odisha,Nayagarh,1803,60,4,1166,30.05,360.6,0.003427592116538132
Odisha,Nuapada,1677,62,0,1103,27.048387096774192,1677.0,0.0
Odisha,Puri,2691,61,0,1506,44.114754098360656,2691.0,0.0
Odisha,Rayagada,2429,61,1,1644,39.81967213114754,1214.5,0.0006079027355623101
Odisha,Sambalpur,1985,60,0,1113,33.083333333333336,1985.0,0.0
Odisha,Sonapur,1247,59,0,786,21.135593220338983,1247.0,0.0
Odisha,Subarnapur,311,51,0,213,6.098039215686274,311.0,0.0
Odisha,Sundargarh,341,51,0,259,6.686274509803922,341.0,0.0
Odisha,Sundergarh,2841,59,11,1922,48.152542372881356,236.75,0.005720228809152366
Odisha,jajpur,8,5,0,8,1.6,8.0,0.0
Orissa,Balangir,244,49,0,200,4.979591836734694,244.0,0.0
Orissa,Baleshwar,108,34,0,199,3.176470588235294,108.0,0.0
Orissa,Bargarh,42,18,0,58,2.3333333333333335,42.0,0.0
Orissa,Bhadrak,170,38,0,213,4.473684210526316,170.0,0.0
Orissa,Cuttack,131,40,0,140,3.275,131.0,0.0
Orissa,Debagarh,1,1,0,3,1.0,1.0,0.0
Orissa,Dhenkanal,36,17,0,53,2.1176470588235294,36.0,0.0
Orissa,Ganjam,202,51,0,172,3.9607843137254903,202.0,0.0
Orissa,Jagatsinghapur,4,2,0,17,2.0,4.0,0.0
Orissa,Jajapur,36,22,0,42,1.6363636363636365,36.0,0.0
Orissa,Jharsuguda,3,3,0,14,1.0,3.0,0.0
Orissa,Kandhamal,2,1,0,17,2.0,2.0,0.0
Orissa,Kendrapara,4,4,0,22,1.0,4.0,0.0
Orissa,Kendujhar,4,4,0,20,1.0,4.0,0.0
Orissa,Khordha,302,49,0,337,6.163265306122449,302.0,0.0
Orissa,Koraput,33,16,0,50,2.0625,33.0,0.0
Orissa,Malkangiri,13,8,0,22,1.625,13.0,0.0
Orissa,Nayagarh,30,12,0,48,2.5,30.0,0.0
Orissa,Puri,87,34,0,95,2.5588235294117645,87.0,0.0
Orissa,Rayagada,92,27,0,96,3.4074074074074074,92.0,0.0
Orissa,Sonapur,7,4,0,13,1.75,7.0,0.0
Orissa,Subarnapur,3,2,0,2,1.5,3.0,0.0
Orissa,Sundargarh,27,16,0,57,1.6875,27.0,0.0
Pondicherry,Karaikal,101,35,0,82,2.8857142857142857,101.0,0.0
Pondicherry,Pondicherry,790,57,0,513,13.859649122807017,790.0,0.0
Pondicherry,Yanam,8,5,0,10,1.6,8.0,0.0
Puducherry,Karaikal,305,53,2,196,5.754716981132075,101.66666666666667,0.01015228426395939
Puducherry,Puducherry,1069,59,11,524,18.11864406779661,89.08333333333333,0.02095238095238095
Puducherry,Yanam,3,3,0,6,1.0,3.0,0.0
Punjab,Amritsar,8716,63,154,5345,138.34920634920636,56.23225806451613,0.02880658436213992
Punjab,Barnala,695,59,1,444,11.779661016949152,347.5,0.0022471910112359553
Punjab,Bathinda,2210,61,3,1227,36.22950819672131,552.5,0.0024429967426710096
Punjab,Faridkot,693,58,4,414,11.948275862068966,138.6,0.00963855421686747
Punjab,Fatehgarh Sahib,826,57,5,455,14.491228070175438,137.66666666666666,0.010964912280701754
Punjab,Fazilka,1536,59,4,942,26.033898305084747,307.2,0.0042417815482502655
Punjab,Ferozepur,1109,56,1,694,19.803571428571427,554.5,0.0014388489208633094
Punjab,Firozpur,276,47,0,218,5.872340425531915,276.0,0.0
Punjab,Gurdaspur,5149,62,87,2672,83.04838709677419,58.51136363636363,0.03254769921436588
Punjab,Hoshiarpur,4017,64,103,2189,62.765625,38.625,0.047031963470319633
Punjab,Jalandhar,3362,60,23,1668,56.03333333333333,140.08333333333334,0.01378070701018574
Punjab,Kapurthala,1447,58,775,1543,24.948275862068964,1.8646907216494846,0.5019430051813472
Punjab,Ludhiana,12112,67,610,9131,180.77611940298507,19.823240589198036,0.06679807271134472
Punjab,Malerkotla,713,50,0,346,14.26,713.0,0.0
Punjab,Mansa,891,56,3,516,15.910714285714286,222.75,0.005802707930367505
Punjab,Moga,1170,58,16,744,20.17241379310345,68.82352941176471,0.021476510067114093
Punjab,Muktsar,258,49,0,177,5.26530612244898,258.0,0.0
Punjab,Nawanshahr,109,28,0,75,3.892857142857143,109.0,0.0
Punjab,Pathankot,880,58,0,449,15.172413793103448,880.0,0.0
Punjab,Patiala,5636,63,41,2832,89.46031746031746,134.1904761904762,0.01447229085774797
Punjab,Rupnagar,1018,58,1,523,17.551724137931036,509.0,0.0019083969465648854
Punjab,S.A.S Nagar(Mohali),128,36,0,125,3.5555555555555554,128.0,0.0
Punjab,SAS Nagar (Mohali),2109,60,26,1276,35.15,78.11111111111111,0.020360219263899765
Punjab,Sangrur,1721,60,13,1192,28.683333333333334,122.92857142857143,0.010896898575020955
Punjab,Shaheed Bhagat Singh Nagar,614,57,3,378,10.771929824561404,153.5,0.0079155672823219
Punjab,Sri Muktsar Sahib,1077,60,0,621,17.95,1077.0,0.0
Punjab,Tarn Taran,2386,61,11,1538,39.114754098360656,198.83333333333334,0.007147498375568551
Rajasthan,Ajmer,9445,66,74,5531,143.1060606060606,125.93333333333334,0.013376717281272595
Rajasthan,Alwar,18301,65,167,10421,281.55384615384617,108.93452380952381,0.01602379581654193
Rajasthan,Banswara,5903,60,3,2243,98.38333333333334,1475.75,0.001336898395721925
Rajasthan,Baran,4638,60,51,2592,77.3,89.1923076923077,0.019668337832626302
Rajasthan,Barmer,11533,63,29,5936,183.06349206349208,384.43333333333334,0.004884621862893717
Rajasthan,Bharatpur,13486,63,78,6301,214.06349206349208,170.70886075949366,0.012377023167248492
Rajasthan,Bhilwara,7769,61,80,4753,127.36065573770492,95.91358024691358,0.016827934371055953
Rajasthan,Bikaner,11884,65,137,5096,182.83076923076922,86.1159420289855,0.02687855601334118
Rajasthan,Bundi,3014,60,60,1990,50.233333333333334,49.40983606557377,0.030135610246107485
Rajasthan,Chittaurgarh,167,42,1,160,3.9761904761904763,83.5,0.006211180124223602
Rajasthan,Chittorgarh,3428,61,71,2415,56.19672131147541,47.611111111111114,0.029387417218543047
Rajasthan,Churu,9318,64,92,4829,145.59375,100.19354838709677,0.01904761904761905
Rajasthan,Dausa,5004,60,5,2204,83.4,834.0,0.0022675736961451248
Rajasthan,Dhaulpur,77,27,0,51,2.8518518518518516,77.0,0.0
Rajasthan,Dholpur,5767,60,67,3804,96.11666666666666,84.80882352941177,0.017608409986859395
Rajasthan,Dungarpur,4780,61,17,2006,78.36065573770492,265.55555555555554,0.008470353761833582
Rajasthan,Ganganagar,4204,59,10,1812,71.2542372881356,382.1818181818182,0.005515719801434087
Rajasthan,Hanumangarh,3972,61,18,2108,65.11475409836065,209.05263157894737,0.008534850640113799
Rajasthan,Jaipur,25846,65,293,12941,397.6307692307692,87.91156462585035,0.022639468397465615
Rajasthan,Jaisalmer,2158,59,27,983,36.57627118644068,77.07142857142857,0.027439024390243903
Rajasthan,Jalor,9288,61,136,4886,152.2622950819672,67.7956204379562,0.027828933906281973
Rajasthan,Jhalawar,5769,60,19,2755,96.15,288.45,0.006894049346879536
Rajasthan,Jhunjhunu,112,34,0,112,3.2941176470588234,112.0,0.0
Rajasthan,Jhunjhunun,5859,62,21,3056,94.5,266.3181818181818,0.0068694798822374874
Rajasthan,Jodhpur,15177,66,318,9538,229.95454545454547,47.57680250783699,0.03333682775972324
Rajasthan,Karauli,5011,61,32,3417,82.14754098360656,151.84848484848484,0.009362200117027502
Rajasthan,Kota,5814,62,56,2567,93.7741935483871,102.0,0.021806853582554516
Rajasthan,Nagaur,11078,63,92,7263,175.84126984126985,119.11827956989248,0.012665198237885462
Rajasthan,Pali,7071,62,38,3426,114.04838709677419,181.30769230769232,0.011088415523781734
Rajasthan,Pratapgarh,3033,58,3,1423,52.293103448275865,758.25,0.002106741573033708
Rajasthan,Rajsamand,3350,63,4,1623,53.17460317460318,670.0,0.0024630541871921183
Rajasthan,Sawai Madhopur,4762,60,34,2663,79.36666666666666,136.05714285714285,0.012762762762762763
Rajasthan,Sikar,8616,61,61,4942,141.24590163934425,138.96774193548387,0.012340683795266033
Rajasthan,Sirohi,8078,62,190,3757,130.29032258064515,42.29319371727749,0.05055880787653007
Rajasthan,Tonk,5775,64,36,2593,90.234375,156.0810810810811,0.013878180416345412
Rajasthan,Udaipur,10574,62,52,4652,170.5483870967742,199.50943396226415,0.01117558564367075
Sikkim,East,273,41,1,118,6.658536585365853,136.5,0.008403361344537815
Sikkim,East Sikkim,217,43,12,98,5.046511627906977,16.692307692307693,0.12121212121212122
Sikkim,North,11,7,0,20,1.5714285714285714,11.0,0.0
Sikkim,North Sikkim,25,12,0,23,2.0833333333333335,25.0,0.0
Sikkim,South,107,27,1,54,3.962962962962963,53.5,0.01818181818181818
Sikkim,South Sikkim,92,25,24,152,3.68,3.68,0.1568627450980392
Sikkim,West,161,34,3,56,4.735294117647059,40.25,0.05263157894736842
Sikkim,West Sikkim,151,35,32,163,4.314285714285714,4.575757575757576,0.1951219512195122
Tamil Nadu,Ariyalur,1755,58,24,857,30.25862068965517,70.2,0.027972027972027972
Tamil Nadu,Chengalpattu,486,55,42,507,8.836363636363636,11.30232558139535,0.08267716535433071
Tamil Nadu,Chennai,7253,63,68,3565,115.12698412698413,105.1159420289855,0.019068984856982614
Tamil Nadu,Coimbatore,7055,59,23,3450,119.57627118644068,293.9583333333333,0.006664734859461026
Tamil Nadu,Cuddalore,6377,59,10,3594,108.08474576271186,579.7272727272727,0.0027816411682892906
Tamil Nadu,Dharmapuri,4392,61,10,2021,72.0,399.27272727272725,0.004945598417408506
Tamil Nadu,Dindigul,4766,60,2,2264,79.43333333333334,1588.6666666666667,0.0008830022075055188
Tamil Nadu,Erode,4420,60,0,2438,73.66666666666667,4420.0,0.0
Tamil Nadu,Kallakurichi,366,50,25,472,7.32,14.076923076923077,0.052854122621564484
Tamil Nadu,Kancheepuram,9456,64,42,4731,147.75,219.90697674418604,0.008875739644970414
Tamil Nadu,Kanniyakumari,1548,57,0,1115,27.157894736842106,1548.0,0.0
Tamil Nadu,Kanyakumari,1271,58,3,950,21.913793103448278,317.75,0.0031545741324921135
Tamil Nadu,Karur,3056,61,1,1661,50.09836065573771,1528.0,0.0006016847172081829
Tamil Nadu,Krishnagiri,3655,62,1,1925,58.95161290322581,1827.5,0.0005192107995846313
Tamil Nadu,Madurai,7515,62,29,4604,121.20967741935483,250.5,0.006297502714440825
Tamil Nadu,Mayiladuthurai,158,45,0,229,3.511111111111111,158.0,0.0
Tamil Nadu,Nagapattinam,2760,59,0,1613,46.779661016949156,2760.0,0.0
Tamil Nadu,Namakkal,3730,58,3,2274,64.3103448275862,932.5,0.0013186813186813187
Tamil Nadu,Perambalur,1589,61,0,942,26.049180327868854,1589.0,0.0
Tamil Nadu,Pudukkottai,5250,58,17,2699,90.51724137931035,291.6666666666667,0.006296296296296296
Tamil Nadu,Ramanathapuram,2860,59,27,1553,48.47457627118644,102.14285714285714,0.017374517374517374
Tamil Nadu,Ranipet,27,14,0,41,1.9285714285714286,27.0,0.0
Tamil Nadu,Salem,7372,62,72,4220,118.90322580645162,100.98630136986301,0.017057569296375266
Tamil Nadu,Sivaganga,3243,59,10,1798,54.96610169491525,294.8181818181818,0.005558643690939411
Tamil Nadu,Tenkasi,712,56,0,531,12.714285714285714,712.0,0.0
Tamil Nadu,Thanjavur,5600,61,14,2804,91.80327868852459,373.3333333333333,0.004991087344028521
Tamil Nadu,The Nilgiris,1276,60,1,628,21.266666666666666,638.0,0.001589825119236884
Tamil Nadu,Theni,2816,62,0,1446,45.41935483870968,2816.0,0.0
Tamil Nadu,Thiruvallur,84,31,10,354,2.7096774193548385,7.636363636363637,0.028169014084507043
Tamil Nadu,Thiruvarur,3068,58,1,1462,52.89655172413793,1534.0,0.000683526999316473
Tamil Nadu,Thoothukkudi,3907,60,0,2022,65.11666666666666,3907.0,0.0
Tamil Nadu,Tiruchirappalli,7769,61,1,4301,127.36065573770492,3884.5,0.00023245002324500232
Tamil Nadu,Tirunelveli,7315,61,0,4110,119.91803278688525,7315.0,0.0
Tamil Nadu,Tirupathur,1,1,0,4,1.0,1.0,0.0
Tamil Nadu,Tirupattur,591,53,0,430,11.150943396226415,591.0,0.0
Tamil Nadu,Tiruppur,5069,60,1,2475,84.48333333333333,2534.5,0.0004038772213247173
Tamil Nadu,Tiruvallur,9228,64,13,3998,144.1875,659.1428571428571,0.003250812703175794
Tamil Nadu,Tiruvannamalai,5850,62,4,3216,94.35483870967742,1170.0,0.0012433944668946222
Tamil Nadu,Vellore,7138,60,41,4131,118.96666666666667,169.95238095238096,0.009922555663117135
Tamil Nadu,Villupuram,5815,60,0,2400,96.91666666666667,5815.0,0.0
Tamil Nadu,Viluppuram,4141,59,0,1852,70.1864406779661,4141.0,0.0
Tamil Nadu,Virudhunagar,4550,57,1,2210,79.82456140350877,2275.0,0.0004522840343735866
Telangana,Adilabad,2674,60,0,1429,44.56666666666667,2674.0,0.0
Telangana,Bhadradri Kothagudem,2328,60,37,1569,38.8,61.26315789473684,0.02356687898089172
Telangana,Hanumakonda,719,55,0,497,13.072727272727272,719.0,0.0
Telangana,Hyderabad,25136,66,444,12886,380.8484848484849,56.48539325842697,0.03445332505625825
Telangana,Jagitial,1336,59,0,804,22.64406779661017,1336.0,0.0
Telangana,Jangaon,42,13,0,35,3.230769230769231,42.0,0.0
Telangana,Jangoan,792,58,0,511,13.655172413793103,792.0,0.0
Telangana,Jayashankar Bhupalpally,693,56,0,360,12.375,693.0,0.0
Telangana,Jogulamba Gadwal,1709,60,0,825,28.483333333333334,1709.0,0.0
Telangana,K.v. Rangareddy,15088,63,85,6954,239.4920634920635,175.4418604651163,0.012221423436376708
Telangana,Kamareddy,1614,59,0,954,27.35593220338983,1614.0,0.0
Telangana,Karimnagar,4995,60,2,2808,83.25,1665.0,0.000711997152011392
Telangana,Khammam,3443,59,2,1467,58.355932203389834,1147.6666666666667,0.0013623978201634877
Telangana,Komaram Bheem,910,56,0,543,16.25,910.0,0.0
Telangana,Mahabubabad,1327,58,1,677,22.879310344827587,663.5,0.0014749262536873156
Telangana,Mahabubnagar,8903,62,3,4428,143.59677419354838,2225.75,0.0006773538044705351
Telangana,Mancherial,880,56,1,502,15.714285714285714,440.0,0.0019880715705765406
Telangana,Medak,6675,59,4,3389,113.13559322033899,1335.0,0.0011799410029498525
Telangana,Medchal-malkajgiri,3646,60,48,1523,60.766666666666666,74.40816326530613,0.031496062992125984
Telangana,Medchal−malkajgiri,395,56,2,233,7.053571428571429,131.66666666666666,0.008547008547008548
Telangana,Mulugu,773,56,0,366,13.803571428571429,773.0,0.0
Telangana,Nagarkurnool,1104,59,0,629,18.71186440677966,1104.0,0.0
Telangana,Nalgonda,5845,62,0,3056,94.2741935483871,5845.0,0.0
Telangana,Narayanpet,1045,57,0,613,18.333333333333332,1045.0,0.0
Telangana,Nirmal,1230,56,1,726,21.964285714285715,615.0,0.001375515818431912
Telangana,Nizamabad,5888,59,1,3384,99.79661016949153,2944.0,0.0002954209748892171
Telangana,Peddapalli,420,53,2,274,7.9245283018867925,140.0,0.007272727272727273
Telangana,Rajanna Sircilla,662,56,1,453,11.821428571428571,331.0,0.0022026431718061676
Telangana,Rangareddy,203,47,1,125,4.319148936170213,101.5,0.007936507936507936
Telangana,Sangareddy,2321,60,3,1127,38.68333333333333,580.25,0.0026595744680851063
Telangana,Siddipet,1638,58,0,912,28.24137931034483,1638.0,0.0
Telangana,Suryapet,1800,62,0,987,29.032258064516128,1800.0,0.0
Telangana,Vikarabad,2129,57,0,1082,37.35087719298246,2129.0,0.0
Telangana,Wanaparthy,1470,58,0,652,25.344827586206897,1470.0,0.0
Telangana,Warangal,2325,58,0,1364,40.08620689655172,2325.0,0.0
Telangana,Warangal Rural,588,54,0,323,10.88888888888889,588.0,0.0
Telangana,Warangal Urban,479,55,3,317,8.709090909090909,119.75,0.009433962264150943
Telangana,Yadadri.,1382,57,0,751,24.24561403508772,1382.0,0.0
Tripura,Dhalai,1002,57,24,389,17.57894736842105,40.08,0.06153846153846154
Tripura,Dhalai  *,19,9,0,17,2.111111111111111,19.0,0.0
Tripura,Gomati,452,51,10,233,8.862745098039216,41.09090909090909,0.042735042735042736
Tripura,Khowai,243,50,12,85,4.86,18.692307692307693,0.13953488372093023
Tripura,North Tripura,980,56,21,539,17.5,44.54545454545455,0.03888888888888889
Tripura,Sepahijala,1311,54,17,532,24.27777777777778,72.83333333333333,0.03189493433395872
Tripura,South Tripura,1730,58,0,529,29.82758620689655,1730.0,0.0
Tripura,Unakoti,519,53,23,202,9.79245283018868,21.625,0.11330049261083744
Tripura,West Tripura,2287,59,57,832,38.76271186440678,39.43103448275862,0.06842737094837935
Uttar Pradesh,Agra,15921,65,562,10920,244.93846153846152,28.27886323268206,0.05146048896621189
Uttar Pradesh,Aligarh,16359,65,508,10105,251.6769230769231,32.13948919449902,0.050267168018998616
Uttar Pradesh,Allahabad,11795,64,5,3746,184.296875,1965.8333333333333,0.0013344008540165466
Uttar Pradesh,Ambedkar Nagar,6409,62,28,2050,103.37096774193549,221.0,0.013651877133105802
Uttar Pradesh,Amethi,6367,62,14,1972,102.69354838709677,424.46666666666664,0.007095793208312215
Uttar Pradesh,Amroha,5881,61,41,2801,96.40983606557377,140.02380952380952,0.014632405424696645
Uttar Pradesh,Auraiya,3136,61,4,1070,51.40983606557377,627.2,0.003734827264239029
Uttar Pradesh,Ayodhya,604,56,29,701,10.785714285714286,20.133333333333333,0.04131054131054131
Uttar Pradesh,Azamgarh,13731,62,153,4032,221.46774193548387,89.16233766233766,0.03793701958839574
Uttar Pradesh,Baghpat,6003,62,104,1955,96.8225806451613,57.17142857142857,0.053169734151329244
Uttar Pradesh,Bahraich,14424,63,1936,12036,228.95238095238096,7.446566855962829,0.16083741796128603
Uttar Pradesh,Ballia,8333,62,7,1988,134.40322580645162,1041.625,0.003519356460532931
Uttar Pradesh,Balrampur,6251,62,125,2384,100.8225806451613,49.611111111111114,0.05241090146750524
Uttar Pradesh,Banda,5299,62,170,3256,85.46774193548387,30.98830409356725,0.05219527172244397
Uttar Pradesh,Bara Banki,7577,62,45,3006,122.20967741935483,164.7173913043478,0.014965081476554705
Uttar Pradesh,Barabanki,341,50,52,1233,6.82,6.433962264150943,0.04213938411669368
Uttar Pradesh,Bareilly,19310,67,396,11603,288.2089552238806,48.63979848866499,0.03412616339193381
Uttar Pradesh,Basti,8613,62,33,2281,138.91935483870967,253.3235294117647,0.014460999123575811
Uttar Pradesh,Bhadohi,386,56,1,146,6.892857142857143,193.0,0.006802721088435374
Uttar Pradesh,Bijnor,15574,65,44,6461,239.6,346.0888888888889,0.006809037449705973
Uttar Pradesh,Budaun,11042,62,241,5117,178.09677419354838,45.62809917355372,0.047088706525986714
Uttar Pradesh,Bulandshahar,56,21,0,58,2.6666666666666665,56.0,0.0
Uttar Pradesh,Bulandshahr,13297,65,137,5006,204.56923076923076,96.35507246376811,0.027361693628919513
Uttar Pradesh,Chandauli,6037,60,141,2843,100.61666666666666,42.514084507042256,0.049578059071729956
Uttar Pradesh,Chitrakoot,4528,63,10,1338,71.87301587301587,411.6363636363636,0.0074682598954443615
Uttar Pradesh,Deoria,7987,62,66,2726,128.82258064516128,119.2089552238806,0.0242024202420242
Uttar Pradesh,Etah,4265,60,121,5118,71.08333333333333,34.959016393442624,0.023637429185387773
Uttar Pradesh,Etawah,5941,61,76,2412,97.39344262295081,77.15584415584415,0.031496062992125984
Uttar Pradesh,Faizabad,6189,61,1,2179,101.45901639344262,3094.5,0.00045871559633027525
Uttar Pradesh,Farrukhabad,4958,62,45,1157,79.96774193548387,107.78260869565217,0.038860103626943004
Uttar Pradesh,Fatehpur,7234,62,167,4167,116.6774193548387,43.05952380952381,0.04006717850287908
Uttar Pradesh,Firozabad,11259,64,83,5380,175.921875,134.03571428571428,0.015424642259803011
Uttar Pradesh,Gautam Buddha Nagar,17144,63,550,6551,272.12698412698415,31.114337568058076,0.08394383394383394
Uttar Pradesh,Ghaziabad,18943,64,310,7766,295.984375,60.90996784565916,0.039912450109437364
Uttar Pradesh,Ghazipur,9686,62,37,2335,156.2258064516129,254.89473684210526,0.015839041095890412
Uttar Pradesh,Gonda,10470,62,226,4464,168.8709677419355,46.12334801762115,0.050615901455767075
Uttar Pradesh,Gorakhpur,12353,62,368,4609,199.24193548387098,33.476964769647694,0.07982646420824295
Uttar Pradesh,Hamirpur,3071,62,10,972,49.53225806451613,279.1818181818182,0.010277492291880781
Uttar Pradesh,Hapur,6176,61,27,2962,101.24590163934427,220.57142857142858,0.00911238609517381
Uttar Pradesh,Hardoi,12449,64,199,8722,194.515625,62.245,0.022813252321449044
Uttar Pradesh,Hathras,4255,62,45,1965,68.62903225806451,92.5,0.02288911495422177
Uttar Pradesh,Jalaun,3994,61,74,1437,65.47540983606558,53.25333333333333,0.05146036161335188
Uttar Pradesh,Jaunpur,11049,62,168,3122,178.20967741935485,65.37869822485207,0.053794428434197884
Uttar Pradesh,Jhansi,5862,61,37,1995,96.09836065573771,154.26315789473685,0.018537074148296594
Uttar Pradesh,Jyotiba Phule Nagar,23,7,0,30,3.2857142857142856,23.0,0.0
Uttar Pradesh,Kannauj,4947,61,70,1724,81.09836065573771,69.67605633802818,0.04057971014492753
Uttar Pradesh,Kanpur Dehat,4668,61,145,2576,76.52459016393442,31.972602739726028,0.05626697710516104
Uttar Pradesh,Kanpur Nagar,17699,65,536,7376,272.2923076923077,32.95903165735568,0.07265826216619221
Uttar Pradesh,Kasganj,3627,62,95,1908,58.5,37.78125,0.04976427448926139
Uttar Pradesh,Kaushambi,5638,62,52,2289,90.93548387096774,106.37735849056604,0.022707423580786028
Uttar Pradesh,Kheri,13332,64,346,7518,208.3125,38.4207492795389,0.046016757547546215
Uttar Pradesh,Kushinagar,9140,63,18,2244,145.0793650793651,481.05263157894734,0.008017817371937639
Uttar Pradesh,Lalitpur,3803,59,42,1521,64.45762711864407,88.44186046511628,0.02759526938239159
Uttar Pradesh,Lucknow,21011,67,319,8327,313.5970149253731,65.659375,0.038304514889529295
Uttar Pradesh,Maharajganj,8241,63,366,4433,130.8095238095238,22.455040871934607,0.08254397834912043
Uttar Pradesh,Mahoba,2679,59,9,928,45.40677966101695,267.9,0.00968783638320775
Uttar Pradesh,Mainpuri,6595,62,141,3190,106.37096774193549,46.443661971830984,0.04418677530554685
Uttar Pradesh,Mathura,8300,62,104,2887,133.8709677419355,79.04761904761905,0.036011080332409975
Uttar Pradesh,Mau,6412,62,23,1294,103.41935483870968,267.1666666666667,0.01776061776061776
Uttar Pradesh,Meerut,17569,64,182,9469,274.515625,96.00546448087432,0.019218585005279832
Uttar Pradesh,Mirzapur,6771,62,3,1830,109.20967741935483,1692.75,0.0016384489350081922
Uttar Pradesh,Moradabad,19993,65,179,10664,307.5846153846154,111.07222222222222,0.016783872480075013
Uttar Pradesh,Muzaffarnagar,9693,64,63,4285,151.453125,151.453125,0.014699020065328978
Uttar Pradesh,Pilibhit,9507,65,145,6603,146.26153846153846,65.11643835616438,0.021956390066626287
Uttar Pradesh,Pratapgarh,8929,63,11,3028,141.73015873015873,744.0833333333334,0.0036315615714757345
Uttar Pradesh,Prayagraj,1255,57,55,963,22.017543859649123,22.410714285714285,0.05705394190871369
Uttar Pradesh,Rae Bareli,9077,62,19,2715,146.40322580645162,453.85,0.006995581737849779
Uttar Pradesh,Rampur,18405,66,227,8831,278.8636363636364,80.72368421052632,0.025701992753623188
Uttar Pradesh,Saharanpur,17095,65,82,8458,263.0,205.96385542168676,0.009693817236079915
Uttar Pradesh,Sambhal,6752,61,58,2406,110.68852459016394,114.44067796610169,0.024096385542168676
Uttar Pradesh,Sant Kabir Nagar,5309,61,9,1189,87.0327868852459,530.9,0.007563025210084034
Uttar Pradesh,Sant Ravidas Nagar,3902,61,2,881,63.967213114754095,1300.6666666666667,0.0022675736961451248
Uttar Pradesh,Sant Ravidas Nagar Bhadohi,3,2,0,21,1.5,3.0,0.0
Uttar Pradesh,Shahjahanpur,13453,65,368,10005,206.96923076923076,36.4579945799458,0.03677793324005597
Uttar Pradesh,Shamli,8344,65,23,2439,128.36923076923077,347.6666666666667,0.009426229508196722
Uttar Pradesh,Shrawasti,3579,62,103,1178,57.725806451612904,34.41346153846154,0.08736217133163698
Uttar Pradesh,Siddharthnagar,9512,63,281,3096,150.984126984127,33.730496453900706,0.09073296738779464
Uttar Pradesh,Sitapur,14011,62,511,12027,225.98387096774192,27.365234375,0.04248420352510808
Uttar Pradesh,Sonbhadra,4466,61,6,1647,73.21311475409836,638.0,0.0036407766990291263
Uttar Pradesh,Sultanpur,7799,62,106,3212,125.79032258064517,72.88785046728972,0.03299097416744476
Uttar Pradesh,Unnao,10305,63,299,6129,163.57142857142858,34.35,0.048776508972267534
Uttar Pradesh,Varanasi,11340,62,408,6460,182.90322580645162,27.726161369193154,0.06314811948614765
Uttarakhand,Almora,986,56,4,515,17.607142857142858,197.2,0.007751937984496124
Uttarakhand,Bageshwar,591,56,0,309,10.553571428571429,591.0,0.0
Uttarakhand,Chamoli,845,57,2,435,14.824561403508772,281.6666666666667,0.0045871559633027525
Uttarakhand,Champawat,760,55,0,372,13.818181818181818,760.0,0.0
Uttarakhand,Dehradun,7795,65,118,5060,119.92307692307692,65.50420168067227,0.023315550286504644
Uttarakhand,Garhwal,30,11,0,35,2.727272727272727,30.0,0.0
Uttarakhand,Hardwar,54,23,0,49,2.347826086956522,54.0,0.0
Uttarakhand,Haridwar,4289,63,48,2335,68.07936507936508,87.53061224489795,0.02054794520547945
Uttarakhand,Nainital,4335,62,63,1866,69.91935483870968,67.734375,0.033743974290305304
Uttarakhand,Pauri Garhwal,1447,59,7,821,24.52542372881356,180.875,0.00851581508515815
Uttarakhand,Pithoragarh,889,54,2,487,16.462962962962962,296.3333333333333,0.004098360655737705
Uttarakhand,Rudraprayag,728,58,0,398,12.551724137931034,728.0,0.0
Uttarakhand,Tehri Garhwal,2323,59,6,1030,39.3728813559322,331.85714285714283,0.005819592628516004
Uttarakhand,Udham Singh Nagar,5224,62,3,2411,84.25806451612904,1306.0,0.0012437810945273632
Uttarakhand,Uttarkashi,943,57,5,313,16.54385964912281,157.16666666666666,0.01592356687898089
West Bengal,Alipurduar,776,52,307,1246,14.923076923076923,2.5194805194805197,0.24619085805934243
West Bengal,Bankura,10055,62,45,4136,162.17741935483872,218.58695652173913,0.010877447425670777
West Bengal,Barddhaman,13441,62,6,6796,216.79032258064515,1920.142857142857,0.0008827423863469177
West Bengal,Bardhaman,1119,57,0,723,19.63157894736842,1119.0,0.0
West Bengal,Birbhum,13737,63,73,6891,218.04761904761904,185.63513513513513,0.010591990713871156
West Bengal,Cooch Behar,7306,62,155,4733,117.83870967741936,46.833333333333336,0.0327418673426278
West Bengal,Dakshin Dinajpur,5952,63,60,3334,94.47619047619048,97.57377049180327,0.017991004497751123
West Bengal,Darjeeling,3106,60,579,2701,51.766666666666666,5.355172413793103,0.21428571428571427
West Bengal,Darjiling,451,50,0,334,9.02,451.0,0.0
West Bengal,East Midnapore,1565,62,1,947,25.241935483870968,782.5,0.0010548523206751054
West Bengal,Haora,2329,60,0,1113,38.81666666666667,2329.0,0.0
West Bengal,Hooghly,13306,62,95,6034,214.61290322580646,138.60416666666666,0.015741507870753936
West Bengal,Howrah,9611,62,49,4504,155.01612903225808,192.22,0.010876803551609323
West Bengal,Hugli,15,7,0,77,2.142857142857143,15.0,0.0
West Bengal,Jalpaiguri,7041,62,323,3378,113.56451612903226,21.73148148148148,0.09559041136430897
West Bengal,Jhargram,445,51,23,403,8.72549019607843,18.541666666666668,0.05693069306930693
West Bengal,Kalimpong,105,25,83,137,4.2,1.25,0.6014492753623188
West Bengal,Koch Bihar,2532,60,4,1340,42.2,506.4,0.002982848620432513
West Bengal,Kolkata,7304,62,393,2870,117.80645161290323,18.538071065989847,0.13688610240334378
West Bengal,MALDA,3,2,0,7,1.5,3.0,0.0
West Bengal,Malda,12786,63,41,6688,202.95238095238096,304.42857142857144,0.006129466287935416
West Bengal,Maldah,1362,61,0,643,22.327868852459016,1362.0,0.0
West Bengal,Murshidabad,31743,64,17,17907,495.984375,1763.5,0.0009492964038418584
West Bengal,Nadia,12154,63,431,7980,192.9206349206349,28.13425925925926,0.05400325773712567
West Bengal,North 24 Parganas,24573,63,329,11929,390.04761904761904,74.46363636363637,0.02757753562447611
West Bengal,North Dinajpur,154,42,0,130,3.6666666666666665,154.0,0.0
West Bengal,North Twenty Four Parganas,1085,59,2,701,18.389830508474578,361.6666666666667,0.002849002849002849
West Bengal,Paschim Bardhaman,607,58,23,448,10.46551724137931,25.291666666666668,0.051224944320712694
West Bengal,Paschim Medinipur,15031,62,29,7627,242.43548387096774,501.03333333333336,0.003801782905086523
West Bengal,Purba Bardhaman,1672,59,37,1345,28.338983050847457,44.0,0.0274888558692422
West Bengal,Purba Medinipur,12046,62,18,7076,194.29032258064515,634.0,0.002543450614667232
West Bengal,Purulia,534,52,0,311,10.26923076923077,534.0,0.0
West Bengal,Puruliya,11580,62,40,5331,186.7741935483871,282.4390243902439,0.007501875468867217
West Bengal,South 24 Parganas,29221,62,64,11901,471.30645161290323,449.55384615384617,0.005377247521424971
West Bengal,South Dinajpur,334,49,0,219,6.816326530612245,334.0,0.0
West Bengal,South Twenty Four Parganas,3542,62,3,1398,57.12903225806452,885.5,0.002144388849177984
West Bengal,Uttar Dinajpur,21557,65,268,11839,331.6461538461538,80.13754646840148,0.022635135135135136
West Bengal,West Midnapore,1651,59,1,871,27.983050847457626,825.5,0.0011467889908256881
Westbengal,Hooghly,2,1,0,2,2.0,2.0,0.0
andhra pradesh,chittoor,2,1,0,1,2.0,2.0,0.0
